user_id,course_id,completion_percentage,course_score,modules_completed,total_modules,performance_score
f19bff61-81de-4e03-8147-008253a87032,,,,,,0.0
2f53cffa-1270-4f2e-9e01-726bc3bfed45,,,,,,0.0
1ce90841-2636-451c-bb17-b52b3e957885,,,,,,0.0
2dd31992-9126-445e-ad42-779e8b16bb10,259bab35-6deb-4708-a897-8d93f65996fe,66.66666666666666,58.0,4.0,6.0,57.99999999999999
2dd31992-9126-445e-ad42-779e8b16bb10,259bab35-6deb-4708-a897-8d93f65996fe,66.66666666666666,58.0,4.0,6.0,57.99999999999999
2dd31992-9126-445e-ad42-779e8b16bb10,259bab35-6deb-4708-a897-8d93f65996fe,66.66666666666666,58.0,4.0,6.0,57.99999999999999
2dd31992-9126-445e-ad42-779e8b16bb10,259bab35-6deb-4708-a897-8d93f65996fe,66.66666666666666,58.0,4.0,6.0,57.99999999999999
2dd31992-9126-445e-ad42-779e8b16bb10,259bab35-6deb-4708-a897-8d93f65996fe,66.66666666666666,58.0,4.0,6.0,57.99999999999999
2dd31992-9126-445e-ad42-779e8b16bb10,259bab35-6deb-4708-a897-8d93f65996fe,66.66666666666666,58.0,4.0,6.0,57.99999999999999
c6599665-e128-4aa2-8751-a6fabab8b7b4,bb668ac3-aab3-4156-9aec-2863d893474b,50.0,30.0,4.0,8.0,30.0
c6599665-e128-4aa2-8751-a6fabab8b7b4,bb668ac3-aab3-4156-9aec-2863d893474b,50.0,30.0,4.0,8.0,30.0
c6599665-e128-4aa2-8751-a6fabab8b7b4,bb668ac3-aab3-4156-9aec-2863d893474b,50.0,30.0,4.0,8.0,30.0
c6599665-e128-4aa2-8751-a6fabab8b7b4,bb668ac3-aab3-4156-9aec-2863d893474b,50.0,30.0,4.0,8.0,30.0
c6599665-e128-4aa2-8751-a6fabab8b7b4,bb668ac3-aab3-4156-9aec-2863d893474b,50.0,30.0,4.0,8.0,30.0
c6599665-e128-4aa2-8751-a6fabab8b7b4,bb668ac3-aab3-4156-9aec-2863d893474b,50.0,30.0,4.0,8.0,30.0
c6599665-e128-4aa2-8751-a6fabab8b7b4,bb668ac3-aab3-4156-9aec-2863d893474b,50.0,30.0,4.0,8.0,30.0
c6599665-e128-4aa2-8751-a6fabab8b7b4,bb668ac3-aab3-4156-9aec-2863d893474b,50.0,30.0,4.0,8.0,30.0
160bc00a-c76d-4959-9dde-04d3e9bf2c23,,,,,,0.0
b857e691-da88-48fa-a89e-88b2b1ccdcb5,a7e95994-0a4e-45ca-b383-99d5be874b27,22.22222222222222,20.0,2.0,9.0,20.0
b857e691-da88-48fa-a89e-88b2b1ccdcb5,a7e95994-0a4e-45ca-b383-99d5be874b27,22.22222222222222,20.0,2.0,9.0,20.0
b857e691-da88-48fa-a89e-88b2b1ccdcb5,a7e95994-0a4e-45ca-b383-99d5be874b27,22.22222222222222,20.0,2.0,9.0,20.0
b857e691-da88-48fa-a89e-88b2b1ccdcb5,a7e95994-0a4e-45ca-b383-99d5be874b27,22.22222222222222,20.0,2.0,9.0,20.0
b857e691-da88-48fa-a89e-88b2b1ccdcb5,a7e95994-0a4e-45ca-b383-99d5be874b27,22.22222222222222,20.0,2.0,9.0,20.0
b857e691-da88-48fa-a89e-88b2b1ccdcb5,a7e95994-0a4e-45ca-b383-99d5be874b27,22.22222222222222,20.0,2.0,9.0,20.0
b857e691-da88-48fa-a89e-88b2b1ccdcb5,a7e95994-0a4e-45ca-b383-99d5be874b27,22.22222222222222,20.0,2.0,9.0,20.0
b857e691-da88-48fa-a89e-88b2b1ccdcb5,a7e95994-0a4e-45ca-b383-99d5be874b27,22.22222222222222,20.0,2.0,9.0,20.0
b857e691-da88-48fa-a89e-88b2b1ccdcb5,a7e95994-0a4e-45ca-b383-99d5be874b27,22.22222222222222,20.0,2.0,9.0,20.0
f59871d2-838b-4cc5-9fee-959c38f63030,,,,,,0.0
63fed41f-a04e-4d8d-8305-a94dcbf4ffce,b4c47ef9-ab01-459e-8d3f-51b60dbea9ab,37.5,49.0,3.0,8.0,49.0
63fed41f-a04e-4d8d-8305-a94dcbf4ffce,b4c47ef9-ab01-459e-8d3f-51b60dbea9ab,37.5,49.0,3.0,8.0,49.0
63fed41f-a04e-4d8d-8305-a94dcbf4ffce,b4c47ef9-ab01-459e-8d3f-51b60dbea9ab,37.5,49.0,3.0,8.0,49.0
63fed41f-a04e-4d8d-8305-a94dcbf4ffce,b4c47ef9-ab01-459e-8d3f-51b60dbea9ab,37.5,49.0,3.0,8.0,49.0
63fed41f-a04e-4d8d-8305-a94dcbf4ffce,b4c47ef9-ab01-459e-8d3f-51b60dbea9ab,37.5,49.0,3.0,8.0,49.0
63fed41f-a04e-4d8d-8305-a94dcbf4ffce,b4c47ef9-ab01-459e-8d3f-51b60dbea9ab,37.5,49.0,3.0,8.0,49.0
63fed41f-a04e-4d8d-8305-a94dcbf4ffce,b4c47ef9-ab01-459e-8d3f-51b60dbea9ab,37.5,49.0,3.0,8.0,49.0
63fed41f-a04e-4d8d-8305-a94dcbf4ffce,b4c47ef9-ab01-459e-8d3f-51b60dbea9ab,37.5,49.0,3.0,8.0,49.0
c556d27c-8f97-4720-b63d-3d2eda7b2f07,,,,,,0.0
96392b1e-2dfb-47ad-a524-8d589bf474c4,a733831b-b87a-4023-a299-074b964f8268,71.42857142857143,63.0,5.0,7.0,63.0
96392b1e-2dfb-47ad-a524-8d589bf474c4,a733831b-b87a-4023-a299-074b964f8268,71.42857142857143,63.0,5.0,7.0,63.0
96392b1e-2dfb-47ad-a524-8d589bf474c4,a733831b-b87a-4023-a299-074b964f8268,71.42857142857143,63.0,5.0,7.0,63.0
96392b1e-2dfb-47ad-a524-8d589bf474c4,a733831b-b87a-4023-a299-074b964f8268,71.42857142857143,63.0,5.0,7.0,63.0
96392b1e-2dfb-47ad-a524-8d589bf474c4,a733831b-b87a-4023-a299-074b964f8268,71.42857142857143,63.0,5.0,7.0,63.0
96392b1e-2dfb-47ad-a524-8d589bf474c4,a733831b-b87a-4023-a299-074b964f8268,71.42857142857143,63.0,5.0,7.0,63.0
96392b1e-2dfb-47ad-a524-8d589bf474c4,a733831b-b87a-4023-a299-074b964f8268,71.42857142857143,63.0,5.0,7.0,63.0
eda585ac-feeb-456e-8f43-907fdcdb2d6f,8c614264-41a5-448f-a207-c2a6bc6ed5df,33.33333333333333,74.0,1.0,3.0,74.0
eda585ac-feeb-456e-8f43-907fdcdb2d6f,8c614264-41a5-448f-a207-c2a6bc6ed5df,33.33333333333333,74.0,1.0,3.0,74.0
eda585ac-feeb-456e-8f43-907fdcdb2d6f,8c614264-41a5-448f-a207-c2a6bc6ed5df,33.33333333333333,74.0,1.0,3.0,74.0
bf410702-2bce-4f38-9762-5b20081a4620,a733831b-b87a-4023-a299-074b964f8268,37.5,53.0,3.0,8.0,68.75
bf410702-2bce-4f38-9762-5b20081a4620,a733831b-b87a-4023-a299-074b964f8268,37.5,53.0,3.0,8.0,68.75
bf410702-2bce-4f38-9762-5b20081a4620,a733831b-b87a-4023-a299-074b964f8268,37.5,53.0,3.0,8.0,68.75
bf410702-2bce-4f38-9762-5b20081a4620,a733831b-b87a-4023-a299-074b964f8268,37.5,53.0,3.0,8.0,68.75
bf410702-2bce-4f38-9762-5b20081a4620,a733831b-b87a-4023-a299-074b964f8268,37.5,53.0,3.0,8.0,68.75
bf410702-2bce-4f38-9762-5b20081a4620,a733831b-b87a-4023-a299-074b964f8268,37.5,53.0,3.0,8.0,68.75
bf410702-2bce-4f38-9762-5b20081a4620,a733831b-b87a-4023-a299-074b964f8268,37.5,53.0,3.0,8.0,68.75
bf410702-2bce-4f38-9762-5b20081a4620,a733831b-b87a-4023-a299-074b964f8268,37.5,53.0,3.0,8.0,68.75
bf410702-2bce-4f38-9762-5b20081a4620,456db36d-de96-4dfa-865f-504165cce6c9,50.0,68.0,1.0,2.0,68.75
bf410702-2bce-4f38-9762-5b20081a4620,456db36d-de96-4dfa-865f-504165cce6c9,50.0,68.0,1.0,2.0,68.75
bf410702-2bce-4f38-9762-5b20081a4620,8c614264-41a5-448f-a207-c2a6bc6ed5df,83.33333333333334,90.0,5.0,6.0,68.75
bf410702-2bce-4f38-9762-5b20081a4620,8c614264-41a5-448f-a207-c2a6bc6ed5df,83.33333333333334,90.0,5.0,6.0,68.75
bf410702-2bce-4f38-9762-5b20081a4620,8c614264-41a5-448f-a207-c2a6bc6ed5df,83.33333333333334,90.0,5.0,6.0,68.75
bf410702-2bce-4f38-9762-5b20081a4620,8c614264-41a5-448f-a207-c2a6bc6ed5df,83.33333333333334,90.0,5.0,6.0,68.75
bf410702-2bce-4f38-9762-5b20081a4620,8c614264-41a5-448f-a207-c2a6bc6ed5df,83.33333333333334,90.0,5.0,6.0,68.75
bf410702-2bce-4f38-9762-5b20081a4620,8c614264-41a5-448f-a207-c2a6bc6ed5df,83.33333333333334,90.0,5.0,6.0,68.75
b799be0a-4072-45d5-a159-80edc82c3f69,8df30faf-3eef-4751-8ae5-d1983625866a,28.57142857142857,50.0,2.0,7.0,50.0
b799be0a-4072-45d5-a159-80edc82c3f69,8df30faf-3eef-4751-8ae5-d1983625866a,28.57142857142857,50.0,2.0,7.0,50.0
b799be0a-4072-45d5-a159-80edc82c3f69,8df30faf-3eef-4751-8ae5-d1983625866a,28.57142857142857,50.0,2.0,7.0,50.0
b799be0a-4072-45d5-a159-80edc82c3f69,8df30faf-3eef-4751-8ae5-d1983625866a,28.57142857142857,50.0,2.0,7.0,50.0
b799be0a-4072-45d5-a159-80edc82c3f69,8df30faf-3eef-4751-8ae5-d1983625866a,28.57142857142857,50.0,2.0,7.0,50.0
b799be0a-4072-45d5-a159-80edc82c3f69,8df30faf-3eef-4751-8ae5-d1983625866a,28.57142857142857,50.0,2.0,7.0,50.0
b799be0a-4072-45d5-a159-80edc82c3f69,8df30faf-3eef-4751-8ae5-d1983625866a,28.57142857142857,50.0,2.0,7.0,50.0
3d211829-f7fc-4870-8677-65f6626f4f00,,,,,,0.0
ebd98b4c-9648-40ef-898a-c65d9f995270,8c614264-41a5-448f-a207-c2a6bc6ed5df,33.33333333333333,23.0,2.0,6.0,23.0
ebd98b4c-9648-40ef-898a-c65d9f995270,8c614264-41a5-448f-a207-c2a6bc6ed5df,33.33333333333333,23.0,2.0,6.0,23.0
ebd98b4c-9648-40ef-898a-c65d9f995270,8c614264-41a5-448f-a207-c2a6bc6ed5df,33.33333333333333,23.0,2.0,6.0,23.0
ebd98b4c-9648-40ef-898a-c65d9f995270,8c614264-41a5-448f-a207-c2a6bc6ed5df,33.33333333333333,23.0,2.0,6.0,23.0
ebd98b4c-9648-40ef-898a-c65d9f995270,8c614264-41a5-448f-a207-c2a6bc6ed5df,33.33333333333333,23.0,2.0,6.0,23.0
ebd98b4c-9648-40ef-898a-c65d9f995270,8c614264-41a5-448f-a207-c2a6bc6ed5df,33.33333333333333,23.0,2.0,6.0,23.0
1aa22b64-d10d-49d2-a819-83404fba733e,,,,,,0.0
16eda4ba-42cd-4b9f-9db9-3a0e0285cab5,8c614264-41a5-448f-a207-c2a6bc6ed5df,50.0,89.0,3.0,6.0,89.0
16eda4ba-42cd-4b9f-9db9-3a0e0285cab5,8c614264-41a5-448f-a207-c2a6bc6ed5df,50.0,89.0,3.0,6.0,89.0
16eda4ba-42cd-4b9f-9db9-3a0e0285cab5,8c614264-41a5-448f-a207-c2a6bc6ed5df,50.0,89.0,3.0,6.0,89.0
16eda4ba-42cd-4b9f-9db9-3a0e0285cab5,8c614264-41a5-448f-a207-c2a6bc6ed5df,50.0,89.0,3.0,6.0,89.0
16eda4ba-42cd-4b9f-9db9-3a0e0285cab5,8c614264-41a5-448f-a207-c2a6bc6ed5df,50.0,89.0,3.0,6.0,89.0
16eda4ba-42cd-4b9f-9db9-3a0e0285cab5,8c614264-41a5-448f-a207-c2a6bc6ed5df,50.0,89.0,3.0,6.0,89.0
56547afd-de85-4d34-98c9-a1c0da17de27,,,,,,0.0
b8320aaf-af61-4f59-a6f4-ed314015fac9,456db36d-de96-4dfa-865f-504165cce6c9,25.0,85.0,2.0,8.0,85.0
b8320aaf-af61-4f59-a6f4-ed314015fac9,456db36d-de96-4dfa-865f-504165cce6c9,25.0,85.0,2.0,8.0,85.0
b8320aaf-af61-4f59-a6f4-ed314015fac9,456db36d-de96-4dfa-865f-504165cce6c9,25.0,85.0,2.0,8.0,85.0
b8320aaf-af61-4f59-a6f4-ed314015fac9,456db36d-de96-4dfa-865f-504165cce6c9,25.0,85.0,2.0,8.0,85.0
b8320aaf-af61-4f59-a6f4-ed314015fac9,456db36d-de96-4dfa-865f-504165cce6c9,25.0,85.0,2.0,8.0,85.0
b8320aaf-af61-4f59-a6f4-ed314015fac9,456db36d-de96-4dfa-865f-504165cce6c9,25.0,85.0,2.0,8.0,85.0
b8320aaf-af61-4f59-a6f4-ed314015fac9,456db36d-de96-4dfa-865f-504165cce6c9,25.0,85.0,2.0,8.0,85.0
b8320aaf-af61-4f59-a6f4-ed314015fac9,456db36d-de96-4dfa-865f-504165cce6c9,25.0,85.0,2.0,8.0,85.0
55fc1199-c5a6-4831-bb55-fc3ae5868446,,,,,,0.0
5ea948d4-bd49-40b3-a880-39bbf6f0212d,a8faead4-39cd-4b23-88e8-26b235b2371b,36.36363636363637,93.0,4.0,11.0,78.60000000000001
5ea948d4-bd49-40b3-a880-39bbf6f0212d,a8faead4-39cd-4b23-88e8-26b235b2371b,36.36363636363637,93.0,4.0,11.0,78.60000000000001
5ea948d4-bd49-40b3-a880-39bbf6f0212d,a8faead4-39cd-4b23-88e8-26b235b2371b,36.36363636363637,93.0,4.0,11.0,78.60000000000001
5ea948d4-bd49-40b3-a880-39bbf6f0212d,a8faead4-39cd-4b23-88e8-26b235b2371b,36.36363636363637,93.0,4.0,11.0,78.60000000000001
5ea948d4-bd49-40b3-a880-39bbf6f0212d,a8faead4-39cd-4b23-88e8-26b235b2371b,36.36363636363637,93.0,4.0,11.0,78.60000000000001
5ea948d4-bd49-40b3-a880-39bbf6f0212d,a8faead4-39cd-4b23-88e8-26b235b2371b,36.36363636363637,93.0,4.0,11.0,78.60000000000001
5ea948d4-bd49-40b3-a880-39bbf6f0212d,a8faead4-39cd-4b23-88e8-26b235b2371b,36.36363636363637,93.0,4.0,11.0,78.60000000000001
5ea948d4-bd49-40b3-a880-39bbf6f0212d,a8faead4-39cd-4b23-88e8-26b235b2371b,36.36363636363637,93.0,4.0,11.0,78.60000000000001
5ea948d4-bd49-40b3-a880-39bbf6f0212d,a8faead4-39cd-4b23-88e8-26b235b2371b,36.36363636363637,93.0,4.0,11.0,78.60000000000001
5ea948d4-bd49-40b3-a880-39bbf6f0212d,a8faead4-39cd-4b23-88e8-26b235b2371b,36.36363636363637,93.0,4.0,11.0,78.60000000000001
5ea948d4-bd49-40b3-a880-39bbf6f0212d,a8faead4-39cd-4b23-88e8-26b235b2371b,36.36363636363637,93.0,4.0,11.0,78.60000000000001
5ea948d4-bd49-40b3-a880-39bbf6f0212d,31762771-9880-49ad-95d7-6280e016c4c8,25.0,39.0,1.0,4.0,78.60000000000001
5ea948d4-bd49-40b3-a880-39bbf6f0212d,31762771-9880-49ad-95d7-6280e016c4c8,25.0,39.0,1.0,4.0,78.60000000000001
5ea948d4-bd49-40b3-a880-39bbf6f0212d,31762771-9880-49ad-95d7-6280e016c4c8,25.0,39.0,1.0,4.0,78.60000000000001
5ea948d4-bd49-40b3-a880-39bbf6f0212d,31762771-9880-49ad-95d7-6280e016c4c8,25.0,39.0,1.0,4.0,78.60000000000001
5b42e76b-9fff-413e-97fd-c54f689a0a2d,93ebcdd6-22e4-477b-ad13-ae5281161c58,33.33333333333333,20.0,1.0,3.0,20.0
5b42e76b-9fff-413e-97fd-c54f689a0a2d,93ebcdd6-22e4-477b-ad13-ae5281161c58,33.33333333333333,20.0,1.0,3.0,20.0
5b42e76b-9fff-413e-97fd-c54f689a0a2d,93ebcdd6-22e4-477b-ad13-ae5281161c58,33.33333333333333,20.0,1.0,3.0,20.0
f6274334-3cae-41c9-b894-8ee61367e37b,,,,,,0.0
96d79700-8fa5-4092-a3cc-cbf34f530452,06d2a954-eaa4-46e8-b258-2e1c6e06430b,53.84615384615385,98.0,7.0,13.0,98.0
96d79700-8fa5-4092-a3cc-cbf34f530452,06d2a954-eaa4-46e8-b258-2e1c6e06430b,53.84615384615385,98.0,7.0,13.0,98.0
96d79700-8fa5-4092-a3cc-cbf34f530452,06d2a954-eaa4-46e8-b258-2e1c6e06430b,53.84615384615385,98.0,7.0,13.0,98.0
96d79700-8fa5-4092-a3cc-cbf34f530452,06d2a954-eaa4-46e8-b258-2e1c6e06430b,53.84615384615385,98.0,7.0,13.0,98.0
96d79700-8fa5-4092-a3cc-cbf34f530452,06d2a954-eaa4-46e8-b258-2e1c6e06430b,53.84615384615385,98.0,7.0,13.0,98.0
96d79700-8fa5-4092-a3cc-cbf34f530452,06d2a954-eaa4-46e8-b258-2e1c6e06430b,53.84615384615385,98.0,7.0,13.0,98.0
96d79700-8fa5-4092-a3cc-cbf34f530452,06d2a954-eaa4-46e8-b258-2e1c6e06430b,53.84615384615385,98.0,7.0,13.0,98.0
96d79700-8fa5-4092-a3cc-cbf34f530452,06d2a954-eaa4-46e8-b258-2e1c6e06430b,53.84615384615385,98.0,7.0,13.0,98.0
96d79700-8fa5-4092-a3cc-cbf34f530452,06d2a954-eaa4-46e8-b258-2e1c6e06430b,53.84615384615385,98.0,7.0,13.0,98.0
96d79700-8fa5-4092-a3cc-cbf34f530452,06d2a954-eaa4-46e8-b258-2e1c6e06430b,53.84615384615385,98.0,7.0,13.0,98.0
96d79700-8fa5-4092-a3cc-cbf34f530452,06d2a954-eaa4-46e8-b258-2e1c6e06430b,53.84615384615385,98.0,7.0,13.0,98.0
96d79700-8fa5-4092-a3cc-cbf34f530452,06d2a954-eaa4-46e8-b258-2e1c6e06430b,53.84615384615385,98.0,7.0,13.0,98.0
96d79700-8fa5-4092-a3cc-cbf34f530452,06d2a954-eaa4-46e8-b258-2e1c6e06430b,53.84615384615385,98.0,7.0,13.0,98.0
2edb696c-08f6-4f67-91d1-574d2c249586,,,,,,0.0
4bd9cb18-4034-4b47-9467-7041469f27b9,06d2a954-eaa4-46e8-b258-2e1c6e06430b,50.0,74.0,2.0,4.0,74.0
4bd9cb18-4034-4b47-9467-7041469f27b9,06d2a954-eaa4-46e8-b258-2e1c6e06430b,50.0,74.0,2.0,4.0,74.0
4bd9cb18-4034-4b47-9467-7041469f27b9,06d2a954-eaa4-46e8-b258-2e1c6e06430b,50.0,74.0,2.0,4.0,74.0
4bd9cb18-4034-4b47-9467-7041469f27b9,06d2a954-eaa4-46e8-b258-2e1c6e06430b,50.0,74.0,2.0,4.0,74.0
e16cf641-f55b-4176-bfd6-4fc02ca38d15,8df30faf-3eef-4751-8ae5-d1983625866a,0.0,36.0,0.0,4.0,36.0
e16cf641-f55b-4176-bfd6-4fc02ca38d15,8df30faf-3eef-4751-8ae5-d1983625866a,0.0,36.0,0.0,4.0,36.0
e16cf641-f55b-4176-bfd6-4fc02ca38d15,8df30faf-3eef-4751-8ae5-d1983625866a,0.0,36.0,0.0,4.0,36.0
e16cf641-f55b-4176-bfd6-4fc02ca38d15,8df30faf-3eef-4751-8ae5-d1983625866a,0.0,36.0,0.0,4.0,36.0
87bcfb16-4d03-44fc-966f-6a3682ac11d2,06d2a954-eaa4-46e8-b258-2e1c6e06430b,20.0,35.0,1.0,5.0,35.0
87bcfb16-4d03-44fc-966f-6a3682ac11d2,06d2a954-eaa4-46e8-b258-2e1c6e06430b,20.0,35.0,1.0,5.0,35.0
87bcfb16-4d03-44fc-966f-6a3682ac11d2,06d2a954-eaa4-46e8-b258-2e1c6e06430b,20.0,35.0,1.0,5.0,35.0
87bcfb16-4d03-44fc-966f-6a3682ac11d2,06d2a954-eaa4-46e8-b258-2e1c6e06430b,20.0,35.0,1.0,5.0,35.0
87bcfb16-4d03-44fc-966f-6a3682ac11d2,06d2a954-eaa4-46e8-b258-2e1c6e06430b,20.0,35.0,1.0,5.0,35.0
a7c421b1-de32-40bc-8b2e-9f0efef4d7c6,f58d5820-c86c-47ac-829b-96c2cac3f4cb,54.54545454545454,65.0,6.0,11.0,65.0
a7c421b1-de32-40bc-8b2e-9f0efef4d7c6,f58d5820-c86c-47ac-829b-96c2cac3f4cb,54.54545454545454,65.0,6.0,11.0,65.0
a7c421b1-de32-40bc-8b2e-9f0efef4d7c6,f58d5820-c86c-47ac-829b-96c2cac3f4cb,54.54545454545454,65.0,6.0,11.0,65.0
a7c421b1-de32-40bc-8b2e-9f0efef4d7c6,f58d5820-c86c-47ac-829b-96c2cac3f4cb,54.54545454545454,65.0,6.0,11.0,65.0
a7c421b1-de32-40bc-8b2e-9f0efef4d7c6,f58d5820-c86c-47ac-829b-96c2cac3f4cb,54.54545454545454,65.0,6.0,11.0,65.0
a7c421b1-de32-40bc-8b2e-9f0efef4d7c6,f58d5820-c86c-47ac-829b-96c2cac3f4cb,54.54545454545454,65.0,6.0,11.0,65.0
a7c421b1-de32-40bc-8b2e-9f0efef4d7c6,f58d5820-c86c-47ac-829b-96c2cac3f4cb,54.54545454545454,65.0,6.0,11.0,65.0
a7c421b1-de32-40bc-8b2e-9f0efef4d7c6,f58d5820-c86c-47ac-829b-96c2cac3f4cb,54.54545454545454,65.0,6.0,11.0,65.0
a7c421b1-de32-40bc-8b2e-9f0efef4d7c6,f58d5820-c86c-47ac-829b-96c2cac3f4cb,54.54545454545454,65.0,6.0,11.0,65.0
a7c421b1-de32-40bc-8b2e-9f0efef4d7c6,f58d5820-c86c-47ac-829b-96c2cac3f4cb,54.54545454545454,65.0,6.0,11.0,65.0
a7c421b1-de32-40bc-8b2e-9f0efef4d7c6,f58d5820-c86c-47ac-829b-96c2cac3f4cb,54.54545454545454,65.0,6.0,11.0,65.0
a2dab53c-39da-4351-973a-7964ccef956c,,,,,,0.0
11aa5902-650e-40c3-b048-a91e93c204cf,,,,,,0.0
02095221-093a-4a4d-8a4e-a56b7f1d2212,,,,,,0.0
f5818c93-e8ca-4df9-a16f-08d1024d9111,b526b725-9287-4b1d-aa4e-0def70f9dbcd,33.33333333333333,91.0,1.0,3.0,94.75
f5818c93-e8ca-4df9-a16f-08d1024d9111,b526b725-9287-4b1d-aa4e-0def70f9dbcd,33.33333333333333,91.0,1.0,3.0,94.75
f5818c93-e8ca-4df9-a16f-08d1024d9111,b526b725-9287-4b1d-aa4e-0def70f9dbcd,33.33333333333333,91.0,1.0,3.0,94.75
f5818c93-e8ca-4df9-a16f-08d1024d9111,a8faead4-39cd-4b23-88e8-26b235b2371b,22.22222222222222,96.0,2.0,9.0,94.75
f5818c93-e8ca-4df9-a16f-08d1024d9111,a8faead4-39cd-4b23-88e8-26b235b2371b,22.22222222222222,96.0,2.0,9.0,94.75
f5818c93-e8ca-4df9-a16f-08d1024d9111,a8faead4-39cd-4b23-88e8-26b235b2371b,22.22222222222222,96.0,2.0,9.0,94.75
f5818c93-e8ca-4df9-a16f-08d1024d9111,a8faead4-39cd-4b23-88e8-26b235b2371b,22.22222222222222,96.0,2.0,9.0,94.75
f5818c93-e8ca-4df9-a16f-08d1024d9111,a8faead4-39cd-4b23-88e8-26b235b2371b,22.22222222222222,96.0,2.0,9.0,94.75
f5818c93-e8ca-4df9-a16f-08d1024d9111,a8faead4-39cd-4b23-88e8-26b235b2371b,22.22222222222222,96.0,2.0,9.0,94.75
f5818c93-e8ca-4df9-a16f-08d1024d9111,a8faead4-39cd-4b23-88e8-26b235b2371b,22.22222222222222,96.0,2.0,9.0,94.75
f5818c93-e8ca-4df9-a16f-08d1024d9111,a8faead4-39cd-4b23-88e8-26b235b2371b,22.22222222222222,96.0,2.0,9.0,94.75
f5818c93-e8ca-4df9-a16f-08d1024d9111,a8faead4-39cd-4b23-88e8-26b235b2371b,22.22222222222222,96.0,2.0,9.0,94.75
c7b6aff0-dbb7-4473-8e24-6a45dc8c9dd9,,,,,,0.0
1fb9677c-31b8-45ef-8d90-107c5f7f117e,31762771-9880-49ad-95d7-6280e016c4c8,33.33333333333333,81.0,2.0,6.0,81.0
1fb9677c-31b8-45ef-8d90-107c5f7f117e,31762771-9880-49ad-95d7-6280e016c4c8,33.33333333333333,81.0,2.0,6.0,81.0
1fb9677c-31b8-45ef-8d90-107c5f7f117e,31762771-9880-49ad-95d7-6280e016c4c8,33.33333333333333,81.0,2.0,6.0,81.0
1fb9677c-31b8-45ef-8d90-107c5f7f117e,31762771-9880-49ad-95d7-6280e016c4c8,33.33333333333333,81.0,2.0,6.0,81.0
1fb9677c-31b8-45ef-8d90-107c5f7f117e,31762771-9880-49ad-95d7-6280e016c4c8,33.33333333333333,81.0,2.0,6.0,81.0
1fb9677c-31b8-45ef-8d90-107c5f7f117e,31762771-9880-49ad-95d7-6280e016c4c8,33.33333333333333,81.0,2.0,6.0,81.0
7be713d4-9cfd-42fb-b490-3124a8b4cb15,,,,,,0.0
c58e2291-ce5b-4836-899e-199b661eadea,f58d5820-c86c-47ac-829b-96c2cac3f4cb,66.66666666666666,93.0,4.0,6.0,93.0
c58e2291-ce5b-4836-899e-199b661eadea,f58d5820-c86c-47ac-829b-96c2cac3f4cb,66.66666666666666,93.0,4.0,6.0,93.0
c58e2291-ce5b-4836-899e-199b661eadea,f58d5820-c86c-47ac-829b-96c2cac3f4cb,66.66666666666666,93.0,4.0,6.0,93.0
c58e2291-ce5b-4836-899e-199b661eadea,f58d5820-c86c-47ac-829b-96c2cac3f4cb,66.66666666666666,93.0,4.0,6.0,93.0
c58e2291-ce5b-4836-899e-199b661eadea,f58d5820-c86c-47ac-829b-96c2cac3f4cb,66.66666666666666,93.0,4.0,6.0,93.0
c58e2291-ce5b-4836-899e-199b661eadea,f58d5820-c86c-47ac-829b-96c2cac3f4cb,66.66666666666666,93.0,4.0,6.0,93.0
0446a5aa-6af2-487e-b009-1af5fa8f9479,,,,,,0.0
1d190915-1796-4d7a-8781-caf004beb2c1,93ebcdd6-22e4-477b-ad13-ae5281161c58,57.14285714285714,42.0,4.0,7.0,42.0
1d190915-1796-4d7a-8781-caf004beb2c1,93ebcdd6-22e4-477b-ad13-ae5281161c58,57.14285714285714,42.0,4.0,7.0,42.0
1d190915-1796-4d7a-8781-caf004beb2c1,93ebcdd6-22e4-477b-ad13-ae5281161c58,57.14285714285714,42.0,4.0,7.0,42.0
1d190915-1796-4d7a-8781-caf004beb2c1,93ebcdd6-22e4-477b-ad13-ae5281161c58,57.14285714285714,42.0,4.0,7.0,42.0
1d190915-1796-4d7a-8781-caf004beb2c1,93ebcdd6-22e4-477b-ad13-ae5281161c58,57.14285714285714,42.0,4.0,7.0,42.0
1d190915-1796-4d7a-8781-caf004beb2c1,93ebcdd6-22e4-477b-ad13-ae5281161c58,57.14285714285714,42.0,4.0,7.0,42.0
1d190915-1796-4d7a-8781-caf004beb2c1,93ebcdd6-22e4-477b-ad13-ae5281161c58,57.14285714285714,42.0,4.0,7.0,42.0
3c8b5642-b204-4a28-944b-cc27436cd6b4,,,,,,0.0
ce4c5434-7f25-4dcf-ac79-6d16fef13f57,a7e95994-0a4e-45ca-b383-99d5be874b27,40.0,68.0,2.0,5.0,68.0
ce4c5434-7f25-4dcf-ac79-6d16fef13f57,a7e95994-0a4e-45ca-b383-99d5be874b27,40.0,68.0,2.0,5.0,68.0
ce4c5434-7f25-4dcf-ac79-6d16fef13f57,a7e95994-0a4e-45ca-b383-99d5be874b27,40.0,68.0,2.0,5.0,68.0
ce4c5434-7f25-4dcf-ac79-6d16fef13f57,a7e95994-0a4e-45ca-b383-99d5be874b27,40.0,68.0,2.0,5.0,68.0
ce4c5434-7f25-4dcf-ac79-6d16fef13f57,a7e95994-0a4e-45ca-b383-99d5be874b27,40.0,68.0,2.0,5.0,68.0
68248b2e-0aca-4168-a92c-178fe9e33e19,,,,,,0.0
7bf12d87-0844-4dff-b5fe-aa007f839d87,,,,,,0.0
0eb1e97a-3731-4e0c-a9f4-d266f6d08aee,,,,,,0.0
c2f7ffad-197a-4d41-bfda-c9b0b0372b3e,,,,,,0.0
8769cb06-8253-4262-bad1-8ebcff93b99e,a733831b-b87a-4023-a299-074b964f8268,66.66666666666666,31.0,6.0,9.0,31.0
8769cb06-8253-4262-bad1-8ebcff93b99e,a733831b-b87a-4023-a299-074b964f8268,66.66666666666666,31.0,6.0,9.0,31.0
8769cb06-8253-4262-bad1-8ebcff93b99e,a733831b-b87a-4023-a299-074b964f8268,66.66666666666666,31.0,6.0,9.0,31.0
8769cb06-8253-4262-bad1-8ebcff93b99e,a733831b-b87a-4023-a299-074b964f8268,66.66666666666666,31.0,6.0,9.0,31.0
8769cb06-8253-4262-bad1-8ebcff93b99e,a733831b-b87a-4023-a299-074b964f8268,66.66666666666666,31.0,6.0,9.0,31.0
8769cb06-8253-4262-bad1-8ebcff93b99e,a733831b-b87a-4023-a299-074b964f8268,66.66666666666666,31.0,6.0,9.0,31.0
8769cb06-8253-4262-bad1-8ebcff93b99e,a733831b-b87a-4023-a299-074b964f8268,66.66666666666666,31.0,6.0,9.0,31.0
8769cb06-8253-4262-bad1-8ebcff93b99e,a733831b-b87a-4023-a299-074b964f8268,66.66666666666666,31.0,6.0,9.0,31.0
8769cb06-8253-4262-bad1-8ebcff93b99e,a733831b-b87a-4023-a299-074b964f8268,66.66666666666666,31.0,6.0,9.0,31.0
3dc95939-5661-4bea-85ce-314873ea0d3c,,,,,,0.0
4ee040f5-4e74-452c-826b-1c432a5fcdba,418ee30c-866c-40d1-bef2-32565d41a10e,50.0,83.0,1.0,2.0,83.0
4ee040f5-4e74-452c-826b-1c432a5fcdba,418ee30c-866c-40d1-bef2-32565d41a10e,50.0,83.0,1.0,2.0,83.0
9d70fc73-ab39-4e26-a0d1-3ce3f759f624,,,,,,0.0
9a7cb662-c55a-4e8d-ad8f-583b2f9b2ba2,,,,,,0.0
fe8cafab-dd09-4759-821b-b1acd721411d,,,,,,0.0
b7154f0a-c47f-4f45-894d-4208cac1e1f8,a733831b-b87a-4023-a299-074b964f8268,50.0,63.0,4.0,8.0,63.0
b7154f0a-c47f-4f45-894d-4208cac1e1f8,a733831b-b87a-4023-a299-074b964f8268,50.0,63.0,4.0,8.0,63.0
b7154f0a-c47f-4f45-894d-4208cac1e1f8,a733831b-b87a-4023-a299-074b964f8268,50.0,63.0,4.0,8.0,63.0
b7154f0a-c47f-4f45-894d-4208cac1e1f8,a733831b-b87a-4023-a299-074b964f8268,50.0,63.0,4.0,8.0,63.0
b7154f0a-c47f-4f45-894d-4208cac1e1f8,a733831b-b87a-4023-a299-074b964f8268,50.0,63.0,4.0,8.0,63.0
b7154f0a-c47f-4f45-894d-4208cac1e1f8,a733831b-b87a-4023-a299-074b964f8268,50.0,63.0,4.0,8.0,63.0
b7154f0a-c47f-4f45-894d-4208cac1e1f8,a733831b-b87a-4023-a299-074b964f8268,50.0,63.0,4.0,8.0,63.0
b7154f0a-c47f-4f45-894d-4208cac1e1f8,a733831b-b87a-4023-a299-074b964f8268,50.0,63.0,4.0,8.0,63.0
f3b93cda-ea6f-4cb1-baa8-91d4b32aa83c,,,,,,0.0
b3e2a467-678a-4580-b6d6-98023453a3b4,,,,,,0.0
ce199d14-1200-4f33-94be-b9670b708fde,,,,,,0.0
470aafd3-1059-4f8f-87ad-ea41cf451a7e,,,,,,0.0
8d64b5b6-2014-42f3-ada8-da84a90446ab,,,,,,0.0
326fa305-42e0-4ae6-84b6-dadda8b37e96,bf4ffeaa-9551-4964-a648-b08604df65f6,20.0,84.0,1.0,5.0,84.0
326fa305-42e0-4ae6-84b6-dadda8b37e96,bf4ffeaa-9551-4964-a648-b08604df65f6,20.0,84.0,1.0,5.0,84.0
326fa305-42e0-4ae6-84b6-dadda8b37e96,bf4ffeaa-9551-4964-a648-b08604df65f6,20.0,84.0,1.0,5.0,84.0
326fa305-42e0-4ae6-84b6-dadda8b37e96,bf4ffeaa-9551-4964-a648-b08604df65f6,20.0,84.0,1.0,5.0,84.0
326fa305-42e0-4ae6-84b6-dadda8b37e96,bf4ffeaa-9551-4964-a648-b08604df65f6,20.0,84.0,1.0,5.0,84.0
2c7fc651-e5b7-4a60-ac2e-d510734efef1,3d8c4804-b06c-4ecf-a3f4-b6d8d9e1aa4c,66.66666666666666,97.0,6.0,9.0,97.0
2c7fc651-e5b7-4a60-ac2e-d510734efef1,3d8c4804-b06c-4ecf-a3f4-b6d8d9e1aa4c,66.66666666666666,97.0,6.0,9.0,97.0
2c7fc651-e5b7-4a60-ac2e-d510734efef1,3d8c4804-b06c-4ecf-a3f4-b6d8d9e1aa4c,66.66666666666666,97.0,6.0,9.0,97.0
2c7fc651-e5b7-4a60-ac2e-d510734efef1,3d8c4804-b06c-4ecf-a3f4-b6d8d9e1aa4c,66.66666666666666,97.0,6.0,9.0,97.0
2c7fc651-e5b7-4a60-ac2e-d510734efef1,3d8c4804-b06c-4ecf-a3f4-b6d8d9e1aa4c,66.66666666666666,97.0,6.0,9.0,97.0
2c7fc651-e5b7-4a60-ac2e-d510734efef1,3d8c4804-b06c-4ecf-a3f4-b6d8d9e1aa4c,66.66666666666666,97.0,6.0,9.0,97.0
2c7fc651-e5b7-4a60-ac2e-d510734efef1,3d8c4804-b06c-4ecf-a3f4-b6d8d9e1aa4c,66.66666666666666,97.0,6.0,9.0,97.0
2c7fc651-e5b7-4a60-ac2e-d510734efef1,3d8c4804-b06c-4ecf-a3f4-b6d8d9e1aa4c,66.66666666666666,97.0,6.0,9.0,97.0
2c7fc651-e5b7-4a60-ac2e-d510734efef1,3d8c4804-b06c-4ecf-a3f4-b6d8d9e1aa4c,66.66666666666666,97.0,6.0,9.0,97.0
769946e5-25bd-4af4-bc79-0fe0c030d392,a7e95994-0a4e-45ca-b383-99d5be874b27,37.5,62.0,3.0,8.0,62.0
769946e5-25bd-4af4-bc79-0fe0c030d392,a7e95994-0a4e-45ca-b383-99d5be874b27,37.5,62.0,3.0,8.0,62.0
769946e5-25bd-4af4-bc79-0fe0c030d392,a7e95994-0a4e-45ca-b383-99d5be874b27,37.5,62.0,3.0,8.0,62.0
769946e5-25bd-4af4-bc79-0fe0c030d392,a7e95994-0a4e-45ca-b383-99d5be874b27,37.5,62.0,3.0,8.0,62.0
769946e5-25bd-4af4-bc79-0fe0c030d392,a7e95994-0a4e-45ca-b383-99d5be874b27,37.5,62.0,3.0,8.0,62.0
769946e5-25bd-4af4-bc79-0fe0c030d392,a7e95994-0a4e-45ca-b383-99d5be874b27,37.5,62.0,3.0,8.0,62.0
769946e5-25bd-4af4-bc79-0fe0c030d392,a7e95994-0a4e-45ca-b383-99d5be874b27,37.5,62.0,3.0,8.0,62.0
769946e5-25bd-4af4-bc79-0fe0c030d392,a7e95994-0a4e-45ca-b383-99d5be874b27,37.5,62.0,3.0,8.0,62.0
b8b39324-37e7-4f29-b067-7754683a7d6e,f58d5820-c86c-47ac-829b-96c2cac3f4cb,71.42857142857143,92.0,5.0,7.0,92.0
b8b39324-37e7-4f29-b067-7754683a7d6e,f58d5820-c86c-47ac-829b-96c2cac3f4cb,71.42857142857143,92.0,5.0,7.0,92.0
b8b39324-37e7-4f29-b067-7754683a7d6e,f58d5820-c86c-47ac-829b-96c2cac3f4cb,71.42857142857143,92.0,5.0,7.0,92.0
b8b39324-37e7-4f29-b067-7754683a7d6e,f58d5820-c86c-47ac-829b-96c2cac3f4cb,71.42857142857143,92.0,5.0,7.0,92.0
b8b39324-37e7-4f29-b067-7754683a7d6e,f58d5820-c86c-47ac-829b-96c2cac3f4cb,71.42857142857143,92.0,5.0,7.0,92.0
b8b39324-37e7-4f29-b067-7754683a7d6e,f58d5820-c86c-47ac-829b-96c2cac3f4cb,71.42857142857143,92.0,5.0,7.0,92.0
b8b39324-37e7-4f29-b067-7754683a7d6e,f58d5820-c86c-47ac-829b-96c2cac3f4cb,71.42857142857143,92.0,5.0,7.0,92.0
45b831cd-22e2-4f30-b186-233694c590a4,,,,,,0.0
2d14b744-5e28-48ca-a8a0-c927d5dc0950,,,,,,0.0
5ddf51cd-9bde-4afe-9961-8ad455b80030,77d80c8e-5e9f-47b4-a5be-ab09906bcc97,77.77777777777779,98.0,7.0,9.0,98.0
5ddf51cd-9bde-4afe-9961-8ad455b80030,77d80c8e-5e9f-47b4-a5be-ab09906bcc97,77.77777777777779,98.0,7.0,9.0,98.0
5ddf51cd-9bde-4afe-9961-8ad455b80030,77d80c8e-5e9f-47b4-a5be-ab09906bcc97,77.77777777777779,98.0,7.0,9.0,98.0
5ddf51cd-9bde-4afe-9961-8ad455b80030,77d80c8e-5e9f-47b4-a5be-ab09906bcc97,77.77777777777779,98.0,7.0,9.0,98.0
5ddf51cd-9bde-4afe-9961-8ad455b80030,77d80c8e-5e9f-47b4-a5be-ab09906bcc97,77.77777777777779,98.0,7.0,9.0,98.0
5ddf51cd-9bde-4afe-9961-8ad455b80030,77d80c8e-5e9f-47b4-a5be-ab09906bcc97,77.77777777777779,98.0,7.0,9.0,98.0
5ddf51cd-9bde-4afe-9961-8ad455b80030,77d80c8e-5e9f-47b4-a5be-ab09906bcc97,77.77777777777779,98.0,7.0,9.0,98.0
5ddf51cd-9bde-4afe-9961-8ad455b80030,77d80c8e-5e9f-47b4-a5be-ab09906bcc97,77.77777777777779,98.0,7.0,9.0,98.0
5ddf51cd-9bde-4afe-9961-8ad455b80030,77d80c8e-5e9f-47b4-a5be-ab09906bcc97,77.77777777777779,98.0,7.0,9.0,98.0
e79d6e67-c3e9-4fee-ab4a-db0e84992936,,,,,,0.0
83b79cb1-5db7-4a0f-ac2a-569f4ef5c4cb,456db36d-de96-4dfa-865f-504165cce6c9,14.285714285714285,84.0,1.0,7.0,84.0
83b79cb1-5db7-4a0f-ac2a-569f4ef5c4cb,456db36d-de96-4dfa-865f-504165cce6c9,14.285714285714285,84.0,1.0,7.0,84.0
83b79cb1-5db7-4a0f-ac2a-569f4ef5c4cb,456db36d-de96-4dfa-865f-504165cce6c9,14.285714285714285,84.0,1.0,7.0,84.0
83b79cb1-5db7-4a0f-ac2a-569f4ef5c4cb,456db36d-de96-4dfa-865f-504165cce6c9,14.285714285714285,84.0,1.0,7.0,84.0
83b79cb1-5db7-4a0f-ac2a-569f4ef5c4cb,456db36d-de96-4dfa-865f-504165cce6c9,14.285714285714285,84.0,1.0,7.0,84.0
83b79cb1-5db7-4a0f-ac2a-569f4ef5c4cb,456db36d-de96-4dfa-865f-504165cce6c9,14.285714285714285,84.0,1.0,7.0,84.0
83b79cb1-5db7-4a0f-ac2a-569f4ef5c4cb,456db36d-de96-4dfa-865f-504165cce6c9,14.285714285714285,84.0,1.0,7.0,84.0
d677e4c2-10ce-4bf5-bec9-37b1c2155328,,,,,,0.0
2e7c621f-b1a3-4641-990d-3790474f4edf,,,,,,0.0
8f1cee90-fe06-45f0-b60f-57f71b315612,,,,,,0.0
c43e5149-e61f-4554-ba0a-15bf154a484a,,,,,,0.0
a0b23a90-5ae4-44ff-804f-08de46bfc5a0,,,,,,0.0
31cfafaf-7d92-49bb-a025-40fa3d0ae668,,,,,,0.0
20463cea-588e-47d6-8a0f-537f15e8d31b,,,,,,0.0
c28db852-be18-4cc8-8fe2-a1fe80291545,,,,,,0.0
816abb4a-9b8d-4502-adc5-60f071eaee83,93ebcdd6-22e4-477b-ad13-ae5281161c58,37.5,32.0,3.0,8.0,32.0
816abb4a-9b8d-4502-adc5-60f071eaee83,93ebcdd6-22e4-477b-ad13-ae5281161c58,37.5,32.0,3.0,8.0,32.0
816abb4a-9b8d-4502-adc5-60f071eaee83,93ebcdd6-22e4-477b-ad13-ae5281161c58,37.5,32.0,3.0,8.0,32.0
816abb4a-9b8d-4502-adc5-60f071eaee83,93ebcdd6-22e4-477b-ad13-ae5281161c58,37.5,32.0,3.0,8.0,32.0
816abb4a-9b8d-4502-adc5-60f071eaee83,93ebcdd6-22e4-477b-ad13-ae5281161c58,37.5,32.0,3.0,8.0,32.0
816abb4a-9b8d-4502-adc5-60f071eaee83,93ebcdd6-22e4-477b-ad13-ae5281161c58,37.5,32.0,3.0,8.0,32.0
816abb4a-9b8d-4502-adc5-60f071eaee83,93ebcdd6-22e4-477b-ad13-ae5281161c58,37.5,32.0,3.0,8.0,32.0
816abb4a-9b8d-4502-adc5-60f071eaee83,93ebcdd6-22e4-477b-ad13-ae5281161c58,37.5,32.0,3.0,8.0,32.0
1b8167d2-a62f-4a7f-92c0-dddab8ead411,,,,,,0.0
d7bde29a-196e-41f8-824d-e5ff8d0aad16,,,,,,0.0
58dfbfb0-fa10-4f4d-8bcb-42207ae93129,,,,,,0.0
98c55753-d422-40ca-8662-05fd2831eec7,,,,,,0.0
f7ba1d77-7fa7-41c7-9915-bbdc1a0f0f89,b4c47ef9-ab01-459e-8d3f-51b60dbea9ab,33.33333333333333,73.0,1.0,3.0,59.55
f7ba1d77-7fa7-41c7-9915-bbdc1a0f0f89,b4c47ef9-ab01-459e-8d3f-51b60dbea9ab,33.33333333333333,73.0,1.0,3.0,59.55
f7ba1d77-7fa7-41c7-9915-bbdc1a0f0f89,b4c47ef9-ab01-459e-8d3f-51b60dbea9ab,33.33333333333333,73.0,1.0,3.0,59.55
f7ba1d77-7fa7-41c7-9915-bbdc1a0f0f89,267c8078-a278-4f19-ad40-f54a37fcd937,60.0,84.0,3.0,5.0,59.55
f7ba1d77-7fa7-41c7-9915-bbdc1a0f0f89,267c8078-a278-4f19-ad40-f54a37fcd937,60.0,84.0,3.0,5.0,59.55
f7ba1d77-7fa7-41c7-9915-bbdc1a0f0f89,267c8078-a278-4f19-ad40-f54a37fcd937,60.0,84.0,3.0,5.0,59.55
f7ba1d77-7fa7-41c7-9915-bbdc1a0f0f89,267c8078-a278-4f19-ad40-f54a37fcd937,60.0,84.0,3.0,5.0,59.55
f7ba1d77-7fa7-41c7-9915-bbdc1a0f0f89,267c8078-a278-4f19-ad40-f54a37fcd937,60.0,84.0,3.0,5.0,59.55
f7ba1d77-7fa7-41c7-9915-bbdc1a0f0f89,00ac38e0-4297-47bd-bfc4-11e55ea46076,41.66666666666667,46.0,5.0,12.0,59.55
f7ba1d77-7fa7-41c7-9915-bbdc1a0f0f89,00ac38e0-4297-47bd-bfc4-11e55ea46076,41.66666666666667,46.0,5.0,12.0,59.55
f7ba1d77-7fa7-41c7-9915-bbdc1a0f0f89,00ac38e0-4297-47bd-bfc4-11e55ea46076,41.66666666666667,46.0,5.0,12.0,59.55
f7ba1d77-7fa7-41c7-9915-bbdc1a0f0f89,00ac38e0-4297-47bd-bfc4-11e55ea46076,41.66666666666667,46.0,5.0,12.0,59.55
f7ba1d77-7fa7-41c7-9915-bbdc1a0f0f89,00ac38e0-4297-47bd-bfc4-11e55ea46076,41.66666666666667,46.0,5.0,12.0,59.55
f7ba1d77-7fa7-41c7-9915-bbdc1a0f0f89,00ac38e0-4297-47bd-bfc4-11e55ea46076,41.66666666666667,46.0,5.0,12.0,59.55
f7ba1d77-7fa7-41c7-9915-bbdc1a0f0f89,00ac38e0-4297-47bd-bfc4-11e55ea46076,41.66666666666667,46.0,5.0,12.0,59.55
f7ba1d77-7fa7-41c7-9915-bbdc1a0f0f89,00ac38e0-4297-47bd-bfc4-11e55ea46076,41.66666666666667,46.0,5.0,12.0,59.55
f7ba1d77-7fa7-41c7-9915-bbdc1a0f0f89,00ac38e0-4297-47bd-bfc4-11e55ea46076,41.66666666666667,46.0,5.0,12.0,59.55
f7ba1d77-7fa7-41c7-9915-bbdc1a0f0f89,00ac38e0-4297-47bd-bfc4-11e55ea46076,41.66666666666667,46.0,5.0,12.0,59.55
f7ba1d77-7fa7-41c7-9915-bbdc1a0f0f89,00ac38e0-4297-47bd-bfc4-11e55ea46076,41.66666666666667,46.0,5.0,12.0,59.55
f7ba1d77-7fa7-41c7-9915-bbdc1a0f0f89,00ac38e0-4297-47bd-bfc4-11e55ea46076,41.66666666666667,46.0,5.0,12.0,59.55
4fa3cbaa-9895-439e-a6e2-13e88d24f875,,,,,,0.0
69df58ef-3ded-4bfc-a41d-092cc52f6a78,,,,,,0.0
46ca78e7-aea0-40c9-a941-24d12db6a575,,,,,,0.0
6fac127f-ea59-48d5-8b5f-2551cacbf07a,00ac38e0-4297-47bd-bfc4-11e55ea46076,37.5,40.0,3.0,8.0,40.0
6fac127f-ea59-48d5-8b5f-2551cacbf07a,00ac38e0-4297-47bd-bfc4-11e55ea46076,37.5,40.0,3.0,8.0,40.0
6fac127f-ea59-48d5-8b5f-2551cacbf07a,00ac38e0-4297-47bd-bfc4-11e55ea46076,37.5,40.0,3.0,8.0,40.0
6fac127f-ea59-48d5-8b5f-2551cacbf07a,00ac38e0-4297-47bd-bfc4-11e55ea46076,37.5,40.0,3.0,8.0,40.0
6fac127f-ea59-48d5-8b5f-2551cacbf07a,00ac38e0-4297-47bd-bfc4-11e55ea46076,37.5,40.0,3.0,8.0,40.0
6fac127f-ea59-48d5-8b5f-2551cacbf07a,00ac38e0-4297-47bd-bfc4-11e55ea46076,37.5,40.0,3.0,8.0,40.0
6fac127f-ea59-48d5-8b5f-2551cacbf07a,00ac38e0-4297-47bd-bfc4-11e55ea46076,37.5,40.0,3.0,8.0,40.0
6fac127f-ea59-48d5-8b5f-2551cacbf07a,00ac38e0-4297-47bd-bfc4-11e55ea46076,37.5,40.0,3.0,8.0,40.0
1c4b38aa-0361-49eb-a5bd-372a50bc990e,8c614264-41a5-448f-a207-c2a6bc6ed5df,40.0,56.0,2.0,5.0,56.00000000000001
1c4b38aa-0361-49eb-a5bd-372a50bc990e,8c614264-41a5-448f-a207-c2a6bc6ed5df,40.0,56.0,2.0,5.0,56.00000000000001
1c4b38aa-0361-49eb-a5bd-372a50bc990e,8c614264-41a5-448f-a207-c2a6bc6ed5df,40.0,56.0,2.0,5.0,56.00000000000001
1c4b38aa-0361-49eb-a5bd-372a50bc990e,8c614264-41a5-448f-a207-c2a6bc6ed5df,40.0,56.0,2.0,5.0,56.00000000000001
1c4b38aa-0361-49eb-a5bd-372a50bc990e,8c614264-41a5-448f-a207-c2a6bc6ed5df,40.0,56.0,2.0,5.0,56.00000000000001
880acd2f-06c4-46da-b309-66f02e7c2730,,,,,,0.0
c47e7751-8061-434e-bf84-972de2f8a2dd,caf6a647-1ecb-40f5-bf37-025d5a3dac92,62.5,83.0,5.0,8.0,83.0
c47e7751-8061-434e-bf84-972de2f8a2dd,caf6a647-1ecb-40f5-bf37-025d5a3dac92,62.5,83.0,5.0,8.0,83.0
c47e7751-8061-434e-bf84-972de2f8a2dd,caf6a647-1ecb-40f5-bf37-025d5a3dac92,62.5,83.0,5.0,8.0,83.0
c47e7751-8061-434e-bf84-972de2f8a2dd,caf6a647-1ecb-40f5-bf37-025d5a3dac92,62.5,83.0,5.0,8.0,83.0
c47e7751-8061-434e-bf84-972de2f8a2dd,caf6a647-1ecb-40f5-bf37-025d5a3dac92,62.5,83.0,5.0,8.0,83.0
c47e7751-8061-434e-bf84-972de2f8a2dd,caf6a647-1ecb-40f5-bf37-025d5a3dac92,62.5,83.0,5.0,8.0,83.0
c47e7751-8061-434e-bf84-972de2f8a2dd,caf6a647-1ecb-40f5-bf37-025d5a3dac92,62.5,83.0,5.0,8.0,83.0
c47e7751-8061-434e-bf84-972de2f8a2dd,caf6a647-1ecb-40f5-bf37-025d5a3dac92,62.5,83.0,5.0,8.0,83.0
74142ada-0596-467d-8f3c-4c81a19368ab,1d0a930c-f2ce-4c91-87c6-1f164d31b1e9,66.66666666666666,49.0,2.0,3.0,69.3
74142ada-0596-467d-8f3c-4c81a19368ab,1d0a930c-f2ce-4c91-87c6-1f164d31b1e9,66.66666666666666,49.0,2.0,3.0,69.3
74142ada-0596-467d-8f3c-4c81a19368ab,1d0a930c-f2ce-4c91-87c6-1f164d31b1e9,66.66666666666666,49.0,2.0,3.0,69.3
74142ada-0596-467d-8f3c-4c81a19368ab,00ac38e0-4297-47bd-bfc4-11e55ea46076,57.14285714285714,78.0,4.0,7.0,69.3
74142ada-0596-467d-8f3c-4c81a19368ab,00ac38e0-4297-47bd-bfc4-11e55ea46076,57.14285714285714,78.0,4.0,7.0,69.3
74142ada-0596-467d-8f3c-4c81a19368ab,00ac38e0-4297-47bd-bfc4-11e55ea46076,57.14285714285714,78.0,4.0,7.0,69.3
74142ada-0596-467d-8f3c-4c81a19368ab,00ac38e0-4297-47bd-bfc4-11e55ea46076,57.14285714285714,78.0,4.0,7.0,69.3
74142ada-0596-467d-8f3c-4c81a19368ab,00ac38e0-4297-47bd-bfc4-11e55ea46076,57.14285714285714,78.0,4.0,7.0,69.3
74142ada-0596-467d-8f3c-4c81a19368ab,00ac38e0-4297-47bd-bfc4-11e55ea46076,57.14285714285714,78.0,4.0,7.0,69.3
74142ada-0596-467d-8f3c-4c81a19368ab,00ac38e0-4297-47bd-bfc4-11e55ea46076,57.14285714285714,78.0,4.0,7.0,69.3
9302d374-aca6-402c-933a-5b516fc54aec,,,,,,0.0
ad100712-275b-447f-9e6f-8fbda06934b2,,,,,,0.0
1d695e42-7c4c-45e1-be9f-0ad55f946d5e,3d8c4804-b06c-4ecf-a3f4-b6d8d9e1aa4c,40.0,41.0,2.0,5.0,41.0
1d695e42-7c4c-45e1-be9f-0ad55f946d5e,3d8c4804-b06c-4ecf-a3f4-b6d8d9e1aa4c,40.0,41.0,2.0,5.0,41.0
1d695e42-7c4c-45e1-be9f-0ad55f946d5e,3d8c4804-b06c-4ecf-a3f4-b6d8d9e1aa4c,40.0,41.0,2.0,5.0,41.0
1d695e42-7c4c-45e1-be9f-0ad55f946d5e,3d8c4804-b06c-4ecf-a3f4-b6d8d9e1aa4c,40.0,41.0,2.0,5.0,41.0
1d695e42-7c4c-45e1-be9f-0ad55f946d5e,3d8c4804-b06c-4ecf-a3f4-b6d8d9e1aa4c,40.0,41.0,2.0,5.0,41.0
63a791f3-8ccd-4269-85f8-aab7e3c24238,8c614264-41a5-448f-a207-c2a6bc6ed5df,50.0,56.0,5.0,10.0,56.00000000000001
63a791f3-8ccd-4269-85f8-aab7e3c24238,8c614264-41a5-448f-a207-c2a6bc6ed5df,50.0,56.0,5.0,10.0,56.00000000000001
63a791f3-8ccd-4269-85f8-aab7e3c24238,8c614264-41a5-448f-a207-c2a6bc6ed5df,50.0,56.0,5.0,10.0,56.00000000000001
63a791f3-8ccd-4269-85f8-aab7e3c24238,8c614264-41a5-448f-a207-c2a6bc6ed5df,50.0,56.0,5.0,10.0,56.00000000000001
63a791f3-8ccd-4269-85f8-aab7e3c24238,8c614264-41a5-448f-a207-c2a6bc6ed5df,50.0,56.0,5.0,10.0,56.00000000000001
63a791f3-8ccd-4269-85f8-aab7e3c24238,8c614264-41a5-448f-a207-c2a6bc6ed5df,50.0,56.0,5.0,10.0,56.00000000000001
63a791f3-8ccd-4269-85f8-aab7e3c24238,8c614264-41a5-448f-a207-c2a6bc6ed5df,50.0,56.0,5.0,10.0,56.00000000000001
63a791f3-8ccd-4269-85f8-aab7e3c24238,8c614264-41a5-448f-a207-c2a6bc6ed5df,50.0,56.0,5.0,10.0,56.00000000000001
63a791f3-8ccd-4269-85f8-aab7e3c24238,8c614264-41a5-448f-a207-c2a6bc6ed5df,50.0,56.0,5.0,10.0,56.00000000000001
63a791f3-8ccd-4269-85f8-aab7e3c24238,8c614264-41a5-448f-a207-c2a6bc6ed5df,50.0,56.0,5.0,10.0,56.00000000000001
e40bba8c-ae9b-4034-8a3b-d51b66db29f0,456db36d-de96-4dfa-865f-504165cce6c9,42.85714285714285,59.0,3.0,7.0,66.28125
e40bba8c-ae9b-4034-8a3b-d51b66db29f0,456db36d-de96-4dfa-865f-504165cce6c9,42.85714285714285,59.0,3.0,7.0,66.28125
e40bba8c-ae9b-4034-8a3b-d51b66db29f0,456db36d-de96-4dfa-865f-504165cce6c9,42.85714285714285,59.0,3.0,7.0,66.28125
e40bba8c-ae9b-4034-8a3b-d51b66db29f0,456db36d-de96-4dfa-865f-504165cce6c9,42.85714285714285,59.0,3.0,7.0,66.28125
e40bba8c-ae9b-4034-8a3b-d51b66db29f0,456db36d-de96-4dfa-865f-504165cce6c9,42.85714285714285,59.0,3.0,7.0,66.28125
e40bba8c-ae9b-4034-8a3b-d51b66db29f0,456db36d-de96-4dfa-865f-504165cce6c9,42.85714285714285,59.0,3.0,7.0,66.28125
e40bba8c-ae9b-4034-8a3b-d51b66db29f0,456db36d-de96-4dfa-865f-504165cce6c9,42.85714285714285,59.0,3.0,7.0,66.28125
e40bba8c-ae9b-4034-8a3b-d51b66db29f0,7aa5f280-dc8b-4b39-866d-ef0840fe520d,28.57142857142857,91.0,2.0,7.0,66.28125
e40bba8c-ae9b-4034-8a3b-d51b66db29f0,7aa5f280-dc8b-4b39-866d-ef0840fe520d,28.57142857142857,91.0,2.0,7.0,66.28125
e40bba8c-ae9b-4034-8a3b-d51b66db29f0,7aa5f280-dc8b-4b39-866d-ef0840fe520d,28.57142857142857,91.0,2.0,7.0,66.28125
e40bba8c-ae9b-4034-8a3b-d51b66db29f0,7aa5f280-dc8b-4b39-866d-ef0840fe520d,28.57142857142857,91.0,2.0,7.0,66.28125
e40bba8c-ae9b-4034-8a3b-d51b66db29f0,7aa5f280-dc8b-4b39-866d-ef0840fe520d,28.57142857142857,91.0,2.0,7.0,66.28125
e40bba8c-ae9b-4034-8a3b-d51b66db29f0,7aa5f280-dc8b-4b39-866d-ef0840fe520d,28.57142857142857,91.0,2.0,7.0,66.28125
e40bba8c-ae9b-4034-8a3b-d51b66db29f0,7aa5f280-dc8b-4b39-866d-ef0840fe520d,28.57142857142857,91.0,2.0,7.0,66.28125
e40bba8c-ae9b-4034-8a3b-d51b66db29f0,259bab35-6deb-4708-a897-8d93f65996fe,42.85714285714285,54.0,3.0,7.0,66.28125
e40bba8c-ae9b-4034-8a3b-d51b66db29f0,259bab35-6deb-4708-a897-8d93f65996fe,42.85714285714285,54.0,3.0,7.0,66.28125
e40bba8c-ae9b-4034-8a3b-d51b66db29f0,259bab35-6deb-4708-a897-8d93f65996fe,42.85714285714285,54.0,3.0,7.0,66.28125
e40bba8c-ae9b-4034-8a3b-d51b66db29f0,259bab35-6deb-4708-a897-8d93f65996fe,42.85714285714285,54.0,3.0,7.0,66.28125
e40bba8c-ae9b-4034-8a3b-d51b66db29f0,259bab35-6deb-4708-a897-8d93f65996fe,42.85714285714285,54.0,3.0,7.0,66.28125
e40bba8c-ae9b-4034-8a3b-d51b66db29f0,259bab35-6deb-4708-a897-8d93f65996fe,42.85714285714285,54.0,3.0,7.0,66.28125
e40bba8c-ae9b-4034-8a3b-d51b66db29f0,259bab35-6deb-4708-a897-8d93f65996fe,42.85714285714285,54.0,3.0,7.0,66.28125
e40bba8c-ae9b-4034-8a3b-d51b66db29f0,d42a0ca8-2308-4124-9397-81be2ba03c55,54.54545454545454,63.0,6.0,11.0,66.28125
e40bba8c-ae9b-4034-8a3b-d51b66db29f0,d42a0ca8-2308-4124-9397-81be2ba03c55,54.54545454545454,63.0,6.0,11.0,66.28125
e40bba8c-ae9b-4034-8a3b-d51b66db29f0,d42a0ca8-2308-4124-9397-81be2ba03c55,54.54545454545454,63.0,6.0,11.0,66.28125
e40bba8c-ae9b-4034-8a3b-d51b66db29f0,d42a0ca8-2308-4124-9397-81be2ba03c55,54.54545454545454,63.0,6.0,11.0,66.28125
e40bba8c-ae9b-4034-8a3b-d51b66db29f0,d42a0ca8-2308-4124-9397-81be2ba03c55,54.54545454545454,63.0,6.0,11.0,66.28125
e40bba8c-ae9b-4034-8a3b-d51b66db29f0,d42a0ca8-2308-4124-9397-81be2ba03c55,54.54545454545454,63.0,6.0,11.0,66.28125
e40bba8c-ae9b-4034-8a3b-d51b66db29f0,d42a0ca8-2308-4124-9397-81be2ba03c55,54.54545454545454,63.0,6.0,11.0,66.28125
e40bba8c-ae9b-4034-8a3b-d51b66db29f0,d42a0ca8-2308-4124-9397-81be2ba03c55,54.54545454545454,63.0,6.0,11.0,66.28125
e40bba8c-ae9b-4034-8a3b-d51b66db29f0,d42a0ca8-2308-4124-9397-81be2ba03c55,54.54545454545454,63.0,6.0,11.0,66.28125
e40bba8c-ae9b-4034-8a3b-d51b66db29f0,d42a0ca8-2308-4124-9397-81be2ba03c55,54.54545454545454,63.0,6.0,11.0,66.28125
e40bba8c-ae9b-4034-8a3b-d51b66db29f0,d42a0ca8-2308-4124-9397-81be2ba03c55,54.54545454545454,63.0,6.0,11.0,66.28125
7082f1cf-1c65-4554-8392-87d84dc74209,f58d5820-c86c-47ac-829b-96c2cac3f4cb,25.0,60.0,1.0,4.0,60.0
7082f1cf-1c65-4554-8392-87d84dc74209,f58d5820-c86c-47ac-829b-96c2cac3f4cb,25.0,60.0,1.0,4.0,60.0
7082f1cf-1c65-4554-8392-87d84dc74209,f58d5820-c86c-47ac-829b-96c2cac3f4cb,25.0,60.0,1.0,4.0,60.0
7082f1cf-1c65-4554-8392-87d84dc74209,f58d5820-c86c-47ac-829b-96c2cac3f4cb,25.0,60.0,1.0,4.0,60.0
e4fbfc98-2080-45d0-9f13-40b81f4b47f2,ed992d96-0b1d-4e23-9cb3-c51add5de066,60.0,20.0,3.0,5.0,48.5
e4fbfc98-2080-45d0-9f13-40b81f4b47f2,ed992d96-0b1d-4e23-9cb3-c51add5de066,60.0,20.0,3.0,5.0,48.5
e4fbfc98-2080-45d0-9f13-40b81f4b47f2,ed992d96-0b1d-4e23-9cb3-c51add5de066,60.0,20.0,3.0,5.0,48.5
e4fbfc98-2080-45d0-9f13-40b81f4b47f2,ed992d96-0b1d-4e23-9cb3-c51add5de066,60.0,20.0,3.0,5.0,48.5
e4fbfc98-2080-45d0-9f13-40b81f4b47f2,ed992d96-0b1d-4e23-9cb3-c51add5de066,60.0,20.0,3.0,5.0,48.5
e4fbfc98-2080-45d0-9f13-40b81f4b47f2,da410d39-f651-4996-ae71-4941debedc84,66.66666666666666,96.0,2.0,3.0,48.5
e4fbfc98-2080-45d0-9f13-40b81f4b47f2,da410d39-f651-4996-ae71-4941debedc84,66.66666666666666,96.0,2.0,3.0,48.5
e4fbfc98-2080-45d0-9f13-40b81f4b47f2,da410d39-f651-4996-ae71-4941debedc84,66.66666666666666,96.0,2.0,3.0,48.5
43211e05-aa47-4660-9916-4bfd9ea8eae1,,,,,,0.0
ba215315-8fc0-4247-a28d-ac28276ab899,,,,,,0.0
5b1dc3ea-0f03-4759-8169-14dabbd9a98b,,,,,,0.0
cc3a213f-ba7e-4521-b84b-9239a8794f3e,3d8c4804-b06c-4ecf-a3f4-b6d8d9e1aa4c,66.66666666666666,67.0,4.0,6.0,45.63636363636363
cc3a213f-ba7e-4521-b84b-9239a8794f3e,3d8c4804-b06c-4ecf-a3f4-b6d8d9e1aa4c,66.66666666666666,67.0,4.0,6.0,45.63636363636363
cc3a213f-ba7e-4521-b84b-9239a8794f3e,3d8c4804-b06c-4ecf-a3f4-b6d8d9e1aa4c,66.66666666666666,67.0,4.0,6.0,45.63636363636363
cc3a213f-ba7e-4521-b84b-9239a8794f3e,3d8c4804-b06c-4ecf-a3f4-b6d8d9e1aa4c,66.66666666666666,67.0,4.0,6.0,45.63636363636363
cc3a213f-ba7e-4521-b84b-9239a8794f3e,3d8c4804-b06c-4ecf-a3f4-b6d8d9e1aa4c,66.66666666666666,67.0,4.0,6.0,45.63636363636363
cc3a213f-ba7e-4521-b84b-9239a8794f3e,3d8c4804-b06c-4ecf-a3f4-b6d8d9e1aa4c,66.66666666666666,67.0,4.0,6.0,45.63636363636363
cc3a213f-ba7e-4521-b84b-9239a8794f3e,a8faead4-39cd-4b23-88e8-26b235b2371b,100.0,20.0,5.0,5.0,45.63636363636363
cc3a213f-ba7e-4521-b84b-9239a8794f3e,a8faead4-39cd-4b23-88e8-26b235b2371b,100.0,20.0,5.0,5.0,45.63636363636363
cc3a213f-ba7e-4521-b84b-9239a8794f3e,a8faead4-39cd-4b23-88e8-26b235b2371b,100.0,20.0,5.0,5.0,45.63636363636363
cc3a213f-ba7e-4521-b84b-9239a8794f3e,a8faead4-39cd-4b23-88e8-26b235b2371b,100.0,20.0,5.0,5.0,45.63636363636363
cc3a213f-ba7e-4521-b84b-9239a8794f3e,a8faead4-39cd-4b23-88e8-26b235b2371b,100.0,20.0,5.0,5.0,45.63636363636363
fc8c3e99-ae43-4403-8938-a1e6c4a17a63,,,,,,0.0
aebbf3b6-97b4-4c82-8b05-08628bd8a33f,,,,,,0.0
4a69eeff-f545-4bb4-bb7c-3ded1a03d129,,,,,,0.0
69959da4-ee41-452e-b663-e52105e23f8d,,,,,,0.0
dff90fd8-e21f-4766-ab65-cf76dde151bc,,,,,,0.0
835d7fe7-3085-49ab-b2be-0add4c08d386,06d2a954-eaa4-46e8-b258-2e1c6e06430b,50.0,44.0,4.0,8.0,44.0
835d7fe7-3085-49ab-b2be-0add4c08d386,06d2a954-eaa4-46e8-b258-2e1c6e06430b,50.0,44.0,4.0,8.0,44.0
835d7fe7-3085-49ab-b2be-0add4c08d386,06d2a954-eaa4-46e8-b258-2e1c6e06430b,50.0,44.0,4.0,8.0,44.0
835d7fe7-3085-49ab-b2be-0add4c08d386,06d2a954-eaa4-46e8-b258-2e1c6e06430b,50.0,44.0,4.0,8.0,44.0
835d7fe7-3085-49ab-b2be-0add4c08d386,06d2a954-eaa4-46e8-b258-2e1c6e06430b,50.0,44.0,4.0,8.0,44.0
835d7fe7-3085-49ab-b2be-0add4c08d386,06d2a954-eaa4-46e8-b258-2e1c6e06430b,50.0,44.0,4.0,8.0,44.0
835d7fe7-3085-49ab-b2be-0add4c08d386,06d2a954-eaa4-46e8-b258-2e1c6e06430b,50.0,44.0,4.0,8.0,44.0
835d7fe7-3085-49ab-b2be-0add4c08d386,06d2a954-eaa4-46e8-b258-2e1c6e06430b,50.0,44.0,4.0,8.0,44.0
821775fe-ca53-489e-aa66-6721898b6e4a,a8faead4-39cd-4b23-88e8-26b235b2371b,69.23076923076923,68.0,9.0,13.0,68.0
821775fe-ca53-489e-aa66-6721898b6e4a,a8faead4-39cd-4b23-88e8-26b235b2371b,69.23076923076923,68.0,9.0,13.0,68.0
821775fe-ca53-489e-aa66-6721898b6e4a,a8faead4-39cd-4b23-88e8-26b235b2371b,69.23076923076923,68.0,9.0,13.0,68.0
821775fe-ca53-489e-aa66-6721898b6e4a,a8faead4-39cd-4b23-88e8-26b235b2371b,69.23076923076923,68.0,9.0,13.0,68.0
821775fe-ca53-489e-aa66-6721898b6e4a,a8faead4-39cd-4b23-88e8-26b235b2371b,69.23076923076923,68.0,9.0,13.0,68.0
821775fe-ca53-489e-aa66-6721898b6e4a,a8faead4-39cd-4b23-88e8-26b235b2371b,69.23076923076923,68.0,9.0,13.0,68.0
821775fe-ca53-489e-aa66-6721898b6e4a,a8faead4-39cd-4b23-88e8-26b235b2371b,69.23076923076923,68.0,9.0,13.0,68.0
821775fe-ca53-489e-aa66-6721898b6e4a,a8faead4-39cd-4b23-88e8-26b235b2371b,69.23076923076923,68.0,9.0,13.0,68.0
821775fe-ca53-489e-aa66-6721898b6e4a,a8faead4-39cd-4b23-88e8-26b235b2371b,69.23076923076923,68.0,9.0,13.0,68.0
821775fe-ca53-489e-aa66-6721898b6e4a,a8faead4-39cd-4b23-88e8-26b235b2371b,69.23076923076923,68.0,9.0,13.0,68.0
821775fe-ca53-489e-aa66-6721898b6e4a,a8faead4-39cd-4b23-88e8-26b235b2371b,69.23076923076923,68.0,9.0,13.0,68.0
821775fe-ca53-489e-aa66-6721898b6e4a,a8faead4-39cd-4b23-88e8-26b235b2371b,69.23076923076923,68.0,9.0,13.0,68.0
821775fe-ca53-489e-aa66-6721898b6e4a,a8faead4-39cd-4b23-88e8-26b235b2371b,69.23076923076923,68.0,9.0,13.0,68.0
477ecaa2-d759-474b-8310-d5bab53134c7,,,,,,0.0
f09fd128-0384-4db9-bef6-e614e6220549,bb668ac3-aab3-4156-9aec-2863d893474b,75.0,70.0,3.0,4.0,70.0
f09fd128-0384-4db9-bef6-e614e6220549,bb668ac3-aab3-4156-9aec-2863d893474b,75.0,70.0,3.0,4.0,70.0
f09fd128-0384-4db9-bef6-e614e6220549,bb668ac3-aab3-4156-9aec-2863d893474b,75.0,70.0,3.0,4.0,70.0
f09fd128-0384-4db9-bef6-e614e6220549,bb668ac3-aab3-4156-9aec-2863d893474b,75.0,70.0,3.0,4.0,70.0
604e56a8-44b9-4b20-83c4-47285605be07,,,,,,0.0
07f3e89d-7cf4-4368-a4c6-fba38ea148c3,,,,,,0.0
4ab1758f-ee23-484d-99d8-463a17876377,b4c47ef9-ab01-459e-8d3f-51b60dbea9ab,0.0,80.0,0.0,3.0,80.0
4ab1758f-ee23-484d-99d8-463a17876377,b4c47ef9-ab01-459e-8d3f-51b60dbea9ab,0.0,80.0,0.0,3.0,80.0
4ab1758f-ee23-484d-99d8-463a17876377,b4c47ef9-ab01-459e-8d3f-51b60dbea9ab,0.0,80.0,0.0,3.0,80.0
0b0f024b-1a40-40f1-a343-cb052188183b,,,,,,0.0
968ff1f7-4073-4d0a-838b-b1a844e1e5df,,,,,,0.0
9e50316c-efc3-4481-bf32-b0342a7cec94,,,,,,0.0
17c2a5fb-7682-45e3-9bd0-2ddc6431ef00,31762771-9880-49ad-95d7-6280e016c4c8,75.0,92.0,6.0,8.0,92.0
17c2a5fb-7682-45e3-9bd0-2ddc6431ef00,31762771-9880-49ad-95d7-6280e016c4c8,75.0,92.0,6.0,8.0,92.0
17c2a5fb-7682-45e3-9bd0-2ddc6431ef00,31762771-9880-49ad-95d7-6280e016c4c8,75.0,92.0,6.0,8.0,92.0
17c2a5fb-7682-45e3-9bd0-2ddc6431ef00,31762771-9880-49ad-95d7-6280e016c4c8,75.0,92.0,6.0,8.0,92.0
17c2a5fb-7682-45e3-9bd0-2ddc6431ef00,31762771-9880-49ad-95d7-6280e016c4c8,75.0,92.0,6.0,8.0,92.0
17c2a5fb-7682-45e3-9bd0-2ddc6431ef00,31762771-9880-49ad-95d7-6280e016c4c8,75.0,92.0,6.0,8.0,92.0
17c2a5fb-7682-45e3-9bd0-2ddc6431ef00,31762771-9880-49ad-95d7-6280e016c4c8,75.0,92.0,6.0,8.0,92.0
17c2a5fb-7682-45e3-9bd0-2ddc6431ef00,31762771-9880-49ad-95d7-6280e016c4c8,75.0,92.0,6.0,8.0,92.0
a3b31881-96bf-4833-b1fd-956a8f849a24,,,,,,0.0
39549657-a564-47a6-a0b0-fd6ed46e878e,,,,,,0.0
402f8c27-2217-4fb1-97d1-127d36712466,,,,,,0.0
0e102525-4073-488a-904e-c5f00a709555,a7e95994-0a4e-45ca-b383-99d5be874b27,44.44444444444444,45.0,4.0,9.0,45.0
0e102525-4073-488a-904e-c5f00a709555,a7e95994-0a4e-45ca-b383-99d5be874b27,44.44444444444444,45.0,4.0,9.0,45.0
0e102525-4073-488a-904e-c5f00a709555,a7e95994-0a4e-45ca-b383-99d5be874b27,44.44444444444444,45.0,4.0,9.0,45.0
0e102525-4073-488a-904e-c5f00a709555,a7e95994-0a4e-45ca-b383-99d5be874b27,44.44444444444444,45.0,4.0,9.0,45.0
0e102525-4073-488a-904e-c5f00a709555,a7e95994-0a4e-45ca-b383-99d5be874b27,44.44444444444444,45.0,4.0,9.0,45.0
0e102525-4073-488a-904e-c5f00a709555,a7e95994-0a4e-45ca-b383-99d5be874b27,44.44444444444444,45.0,4.0,9.0,45.0
0e102525-4073-488a-904e-c5f00a709555,a7e95994-0a4e-45ca-b383-99d5be874b27,44.44444444444444,45.0,4.0,9.0,45.0
0e102525-4073-488a-904e-c5f00a709555,a7e95994-0a4e-45ca-b383-99d5be874b27,44.44444444444444,45.0,4.0,9.0,45.0
0e102525-4073-488a-904e-c5f00a709555,a7e95994-0a4e-45ca-b383-99d5be874b27,44.44444444444444,45.0,4.0,9.0,45.0
31b8afe5-8641-4d09-955e-ca97ee373f0b,a8faead4-39cd-4b23-88e8-26b235b2371b,33.33333333333333,44.0,2.0,6.0,44.0
31b8afe5-8641-4d09-955e-ca97ee373f0b,a8faead4-39cd-4b23-88e8-26b235b2371b,33.33333333333333,44.0,2.0,6.0,44.0
31b8afe5-8641-4d09-955e-ca97ee373f0b,a8faead4-39cd-4b23-88e8-26b235b2371b,33.33333333333333,44.0,2.0,6.0,44.0
31b8afe5-8641-4d09-955e-ca97ee373f0b,a8faead4-39cd-4b23-88e8-26b235b2371b,33.33333333333333,44.0,2.0,6.0,44.0
31b8afe5-8641-4d09-955e-ca97ee373f0b,a8faead4-39cd-4b23-88e8-26b235b2371b,33.33333333333333,44.0,2.0,6.0,44.0
31b8afe5-8641-4d09-955e-ca97ee373f0b,a8faead4-39cd-4b23-88e8-26b235b2371b,33.33333333333333,44.0,2.0,6.0,44.0
848c1cfb-848b-4dcf-8a14-f9c5a04520e4,a78b1ec0-ce93-4128-868c-66f14f6c2956,80.0,26.0,4.0,5.0,26.0
848c1cfb-848b-4dcf-8a14-f9c5a04520e4,a78b1ec0-ce93-4128-868c-66f14f6c2956,80.0,26.0,4.0,5.0,26.0
848c1cfb-848b-4dcf-8a14-f9c5a04520e4,a78b1ec0-ce93-4128-868c-66f14f6c2956,80.0,26.0,4.0,5.0,26.0
848c1cfb-848b-4dcf-8a14-f9c5a04520e4,a78b1ec0-ce93-4128-868c-66f14f6c2956,80.0,26.0,4.0,5.0,26.0
848c1cfb-848b-4dcf-8a14-f9c5a04520e4,a78b1ec0-ce93-4128-868c-66f14f6c2956,80.0,26.0,4.0,5.0,26.0
c46df797-b638-4f40-a6ee-ecae1fc319e0,,,,,,0.0
ae775e89-bb80-425a-b52d-788c180890d9,456db36d-de96-4dfa-865f-504165cce6c9,60.0,74.0,3.0,5.0,74.0
ae775e89-bb80-425a-b52d-788c180890d9,456db36d-de96-4dfa-865f-504165cce6c9,60.0,74.0,3.0,5.0,74.0
ae775e89-bb80-425a-b52d-788c180890d9,456db36d-de96-4dfa-865f-504165cce6c9,60.0,74.0,3.0,5.0,74.0
ae775e89-bb80-425a-b52d-788c180890d9,456db36d-de96-4dfa-865f-504165cce6c9,60.0,74.0,3.0,5.0,74.0
ae775e89-bb80-425a-b52d-788c180890d9,456db36d-de96-4dfa-865f-504165cce6c9,60.0,74.0,3.0,5.0,74.0
984bac18-1b2c-4cb3-9b98-e15f4b0c3c7e,31762771-9880-49ad-95d7-6280e016c4c8,38.46153846153847,36.0,5.0,13.0,36.0
984bac18-1b2c-4cb3-9b98-e15f4b0c3c7e,31762771-9880-49ad-95d7-6280e016c4c8,38.46153846153847,36.0,5.0,13.0,36.0
984bac18-1b2c-4cb3-9b98-e15f4b0c3c7e,31762771-9880-49ad-95d7-6280e016c4c8,38.46153846153847,36.0,5.0,13.0,36.0
984bac18-1b2c-4cb3-9b98-e15f4b0c3c7e,31762771-9880-49ad-95d7-6280e016c4c8,38.46153846153847,36.0,5.0,13.0,36.0
984bac18-1b2c-4cb3-9b98-e15f4b0c3c7e,31762771-9880-49ad-95d7-6280e016c4c8,38.46153846153847,36.0,5.0,13.0,36.0
984bac18-1b2c-4cb3-9b98-e15f4b0c3c7e,31762771-9880-49ad-95d7-6280e016c4c8,38.46153846153847,36.0,5.0,13.0,36.0
984bac18-1b2c-4cb3-9b98-e15f4b0c3c7e,31762771-9880-49ad-95d7-6280e016c4c8,38.46153846153847,36.0,5.0,13.0,36.0
984bac18-1b2c-4cb3-9b98-e15f4b0c3c7e,31762771-9880-49ad-95d7-6280e016c4c8,38.46153846153847,36.0,5.0,13.0,36.0
984bac18-1b2c-4cb3-9b98-e15f4b0c3c7e,31762771-9880-49ad-95d7-6280e016c4c8,38.46153846153847,36.0,5.0,13.0,36.0
984bac18-1b2c-4cb3-9b98-e15f4b0c3c7e,31762771-9880-49ad-95d7-6280e016c4c8,38.46153846153847,36.0,5.0,13.0,36.0
984bac18-1b2c-4cb3-9b98-e15f4b0c3c7e,31762771-9880-49ad-95d7-6280e016c4c8,38.46153846153847,36.0,5.0,13.0,36.0
984bac18-1b2c-4cb3-9b98-e15f4b0c3c7e,31762771-9880-49ad-95d7-6280e016c4c8,38.46153846153847,36.0,5.0,13.0,36.0
984bac18-1b2c-4cb3-9b98-e15f4b0c3c7e,31762771-9880-49ad-95d7-6280e016c4c8,38.46153846153847,36.0,5.0,13.0,36.0
ecc05668-a26b-453d-8c21-ff4ccaada063,,,,,,0.0
28dad709-4625-4687-91ff-ff209637d897,,,,,,0.0
7753fdb7-8625-4459-a2ba-b98533f58c2d,,,,,,0.0
f64c6bfd-bfdf-48d6-b684-bbb755b35ca1,,,,,,0.0
8a8eaa09-4ac5-4310-a266-9a6211f83018,,,,,,0.0
80c9bae6-95a5-43fc-8ca6-bcd1d53b52a3,418ee30c-866c-40d1-bef2-32565d41a10e,100.0,50.0,3.0,3.0,50.0
80c9bae6-95a5-43fc-8ca6-bcd1d53b52a3,418ee30c-866c-40d1-bef2-32565d41a10e,100.0,50.0,3.0,3.0,50.0
80c9bae6-95a5-43fc-8ca6-bcd1d53b52a3,418ee30c-866c-40d1-bef2-32565d41a10e,100.0,50.0,3.0,3.0,50.0
35a675e1-cde0-4b74-a86e-65c07dbe6573,,,,,,0.0
9db0e434-9e58-483a-b8c7-297c4db2b5ae,,,,,,0.0
45e60027-f87a-47f2-ae67-26f8a8ed35b1,,,,,,0.0
3a60bc3d-3329-4939-bee6-57ded358c42e,,,,,,0.0
51d3bd4c-1b08-4808-b3a2-338a0425bdf1,,,,,,0.0
603b5980-472e-4c94-aa8b-3c66f80bdefb,418ee30c-866c-40d1-bef2-32565d41a10e,44.44444444444444,32.0,4.0,9.0,32.0
603b5980-472e-4c94-aa8b-3c66f80bdefb,418ee30c-866c-40d1-bef2-32565d41a10e,44.44444444444444,32.0,4.0,9.0,32.0
603b5980-472e-4c94-aa8b-3c66f80bdefb,418ee30c-866c-40d1-bef2-32565d41a10e,44.44444444444444,32.0,4.0,9.0,32.0
603b5980-472e-4c94-aa8b-3c66f80bdefb,418ee30c-866c-40d1-bef2-32565d41a10e,44.44444444444444,32.0,4.0,9.0,32.0
603b5980-472e-4c94-aa8b-3c66f80bdefb,418ee30c-866c-40d1-bef2-32565d41a10e,44.44444444444444,32.0,4.0,9.0,32.0
603b5980-472e-4c94-aa8b-3c66f80bdefb,418ee30c-866c-40d1-bef2-32565d41a10e,44.44444444444444,32.0,4.0,9.0,32.0
603b5980-472e-4c94-aa8b-3c66f80bdefb,418ee30c-866c-40d1-bef2-32565d41a10e,44.44444444444444,32.0,4.0,9.0,32.0
603b5980-472e-4c94-aa8b-3c66f80bdefb,418ee30c-866c-40d1-bef2-32565d41a10e,44.44444444444444,32.0,4.0,9.0,32.0
603b5980-472e-4c94-aa8b-3c66f80bdefb,418ee30c-866c-40d1-bef2-32565d41a10e,44.44444444444444,32.0,4.0,9.0,32.0
985f366a-3289-431c-beda-ffbb912d7016,00ac38e0-4297-47bd-bfc4-11e55ea46076,100.0,74.0,5.0,5.0,67.5
985f366a-3289-431c-beda-ffbb912d7016,00ac38e0-4297-47bd-bfc4-11e55ea46076,100.0,74.0,5.0,5.0,67.5
985f366a-3289-431c-beda-ffbb912d7016,00ac38e0-4297-47bd-bfc4-11e55ea46076,100.0,74.0,5.0,5.0,67.5
985f366a-3289-431c-beda-ffbb912d7016,00ac38e0-4297-47bd-bfc4-11e55ea46076,100.0,74.0,5.0,5.0,67.5
985f366a-3289-431c-beda-ffbb912d7016,00ac38e0-4297-47bd-bfc4-11e55ea46076,100.0,74.0,5.0,5.0,67.5
985f366a-3289-431c-beda-ffbb912d7016,a8faead4-39cd-4b23-88e8-26b235b2371b,40.0,61.0,2.0,5.0,67.5
985f366a-3289-431c-beda-ffbb912d7016,a8faead4-39cd-4b23-88e8-26b235b2371b,40.0,61.0,2.0,5.0,67.5
985f366a-3289-431c-beda-ffbb912d7016,a8faead4-39cd-4b23-88e8-26b235b2371b,40.0,61.0,2.0,5.0,67.5
985f366a-3289-431c-beda-ffbb912d7016,a8faead4-39cd-4b23-88e8-26b235b2371b,40.0,61.0,2.0,5.0,67.5
985f366a-3289-431c-beda-ffbb912d7016,a8faead4-39cd-4b23-88e8-26b235b2371b,40.0,61.0,2.0,5.0,67.5
e43892ed-3d64-4422-9563-f2983442a01d,da410d39-f651-4996-ae71-4941debedc84,50.0,90.0,2.0,4.0,90.0
e43892ed-3d64-4422-9563-f2983442a01d,da410d39-f651-4996-ae71-4941debedc84,50.0,90.0,2.0,4.0,90.0
e43892ed-3d64-4422-9563-f2983442a01d,da410d39-f651-4996-ae71-4941debedc84,50.0,90.0,2.0,4.0,90.0
e43892ed-3d64-4422-9563-f2983442a01d,da410d39-f651-4996-ae71-4941debedc84,50.0,90.0,2.0,4.0,90.0
829e6534-2bfb-468f-9b6e-66fdd117df05,,,,,,0.0
9fa8af1b-97b3-4517-a6ab-02f112e50671,d42a0ca8-2308-4124-9397-81be2ba03c55,33.33333333333333,93.0,2.0,6.0,82.0
9fa8af1b-97b3-4517-a6ab-02f112e50671,d42a0ca8-2308-4124-9397-81be2ba03c55,33.33333333333333,93.0,2.0,6.0,82.0
9fa8af1b-97b3-4517-a6ab-02f112e50671,d42a0ca8-2308-4124-9397-81be2ba03c55,33.33333333333333,93.0,2.0,6.0,82.0
9fa8af1b-97b3-4517-a6ab-02f112e50671,d42a0ca8-2308-4124-9397-81be2ba03c55,33.33333333333333,93.0,2.0,6.0,82.0
9fa8af1b-97b3-4517-a6ab-02f112e50671,d42a0ca8-2308-4124-9397-81be2ba03c55,33.33333333333333,93.0,2.0,6.0,82.0
9fa8af1b-97b3-4517-a6ab-02f112e50671,d42a0ca8-2308-4124-9397-81be2ba03c55,33.33333333333333,93.0,2.0,6.0,82.0
9fa8af1b-97b3-4517-a6ab-02f112e50671,456db36d-de96-4dfa-865f-504165cce6c9,63.63636363636363,76.0,7.0,11.0,82.0
9fa8af1b-97b3-4517-a6ab-02f112e50671,456db36d-de96-4dfa-865f-504165cce6c9,63.63636363636363,76.0,7.0,11.0,82.0
9fa8af1b-97b3-4517-a6ab-02f112e50671,456db36d-de96-4dfa-865f-504165cce6c9,63.63636363636363,76.0,7.0,11.0,82.0
9fa8af1b-97b3-4517-a6ab-02f112e50671,456db36d-de96-4dfa-865f-504165cce6c9,63.63636363636363,76.0,7.0,11.0,82.0
9fa8af1b-97b3-4517-a6ab-02f112e50671,456db36d-de96-4dfa-865f-504165cce6c9,63.63636363636363,76.0,7.0,11.0,82.0
9fa8af1b-97b3-4517-a6ab-02f112e50671,456db36d-de96-4dfa-865f-504165cce6c9,63.63636363636363,76.0,7.0,11.0,82.0
9fa8af1b-97b3-4517-a6ab-02f112e50671,456db36d-de96-4dfa-865f-504165cce6c9,63.63636363636363,76.0,7.0,11.0,82.0
9fa8af1b-97b3-4517-a6ab-02f112e50671,456db36d-de96-4dfa-865f-504165cce6c9,63.63636363636363,76.0,7.0,11.0,82.0
9fa8af1b-97b3-4517-a6ab-02f112e50671,456db36d-de96-4dfa-865f-504165cce6c9,63.63636363636363,76.0,7.0,11.0,82.0
9fa8af1b-97b3-4517-a6ab-02f112e50671,456db36d-de96-4dfa-865f-504165cce6c9,63.63636363636363,76.0,7.0,11.0,82.0
9fa8af1b-97b3-4517-a6ab-02f112e50671,456db36d-de96-4dfa-865f-504165cce6c9,63.63636363636363,76.0,7.0,11.0,82.0
2f141ed2-8e58-4b44-acf7-7dc8999deb6d,3d8c4804-b06c-4ecf-a3f4-b6d8d9e1aa4c,42.85714285714285,43.0,3.0,7.0,43.0
2f141ed2-8e58-4b44-acf7-7dc8999deb6d,3d8c4804-b06c-4ecf-a3f4-b6d8d9e1aa4c,42.85714285714285,43.0,3.0,7.0,43.0
2f141ed2-8e58-4b44-acf7-7dc8999deb6d,3d8c4804-b06c-4ecf-a3f4-b6d8d9e1aa4c,42.85714285714285,43.0,3.0,7.0,43.0
2f141ed2-8e58-4b44-acf7-7dc8999deb6d,3d8c4804-b06c-4ecf-a3f4-b6d8d9e1aa4c,42.85714285714285,43.0,3.0,7.0,43.0
2f141ed2-8e58-4b44-acf7-7dc8999deb6d,3d8c4804-b06c-4ecf-a3f4-b6d8d9e1aa4c,42.85714285714285,43.0,3.0,7.0,43.0
2f141ed2-8e58-4b44-acf7-7dc8999deb6d,3d8c4804-b06c-4ecf-a3f4-b6d8d9e1aa4c,42.85714285714285,43.0,3.0,7.0,43.0
2f141ed2-8e58-4b44-acf7-7dc8999deb6d,3d8c4804-b06c-4ecf-a3f4-b6d8d9e1aa4c,42.85714285714285,43.0,3.0,7.0,43.0
370a1fee-90e1-4595-80af-4bf64641be9b,,,,,,0.0
1a8d6832-fb21-4225-b5c2-e1d8fbff0737,,,,,,0.0
b96bcb6f-bae9-4fbf-8333-0304f66d0f91,,,,,,0.0
3267edb7-a1a0-4501-873e-818114641bf1,,,,,,0.0
39f3ff0c-0079-4aa6-ae92-f66155984db4,,,,,,0.0
b2b50564-5751-466b-b730-1f7acf99922a,,,,,,0.0
02313e16-1e66-4e40-80c1-de80087e186f,93ebcdd6-22e4-477b-ad13-ae5281161c58,,46.0,0.0,0.0,46.0
d7350f5e-fbe0-4b21-bd91-0d2cbb53187b,d2787a3d-045e-498a-b193-364413af2581,50.0,47.0,3.0,6.0,47.0
d7350f5e-fbe0-4b21-bd91-0d2cbb53187b,d2787a3d-045e-498a-b193-364413af2581,50.0,47.0,3.0,6.0,47.0
d7350f5e-fbe0-4b21-bd91-0d2cbb53187b,d2787a3d-045e-498a-b193-364413af2581,50.0,47.0,3.0,6.0,47.0
d7350f5e-fbe0-4b21-bd91-0d2cbb53187b,d2787a3d-045e-498a-b193-364413af2581,50.0,47.0,3.0,6.0,47.0
d7350f5e-fbe0-4b21-bd91-0d2cbb53187b,d2787a3d-045e-498a-b193-364413af2581,50.0,47.0,3.0,6.0,47.0
d7350f5e-fbe0-4b21-bd91-0d2cbb53187b,d2787a3d-045e-498a-b193-364413af2581,50.0,47.0,3.0,6.0,47.0
b23fb85f-8715-4cd0-8e03-6844b7e4df03,b526b725-9287-4b1d-aa4e-0def70f9dbcd,77.77777777777779,22.0,7.0,9.0,22.0
b23fb85f-8715-4cd0-8e03-6844b7e4df03,b526b725-9287-4b1d-aa4e-0def70f9dbcd,77.77777777777779,22.0,7.0,9.0,22.0
b23fb85f-8715-4cd0-8e03-6844b7e4df03,b526b725-9287-4b1d-aa4e-0def70f9dbcd,77.77777777777779,22.0,7.0,9.0,22.0
b23fb85f-8715-4cd0-8e03-6844b7e4df03,b526b725-9287-4b1d-aa4e-0def70f9dbcd,77.77777777777779,22.0,7.0,9.0,22.0
b23fb85f-8715-4cd0-8e03-6844b7e4df03,b526b725-9287-4b1d-aa4e-0def70f9dbcd,77.77777777777779,22.0,7.0,9.0,22.0
b23fb85f-8715-4cd0-8e03-6844b7e4df03,b526b725-9287-4b1d-aa4e-0def70f9dbcd,77.77777777777779,22.0,7.0,9.0,22.0
b23fb85f-8715-4cd0-8e03-6844b7e4df03,b526b725-9287-4b1d-aa4e-0def70f9dbcd,77.77777777777779,22.0,7.0,9.0,22.0
b23fb85f-8715-4cd0-8e03-6844b7e4df03,b526b725-9287-4b1d-aa4e-0def70f9dbcd,77.77777777777779,22.0,7.0,9.0,22.0
b23fb85f-8715-4cd0-8e03-6844b7e4df03,b526b725-9287-4b1d-aa4e-0def70f9dbcd,77.77777777777779,22.0,7.0,9.0,22.0
a904b0a7-38b0-4991-8e1f-e9b96df16c7e,a733831b-b87a-4023-a299-074b964f8268,66.66666666666666,37.0,6.0,9.0,37.0
a904b0a7-38b0-4991-8e1f-e9b96df16c7e,a733831b-b87a-4023-a299-074b964f8268,66.66666666666666,37.0,6.0,9.0,37.0
a904b0a7-38b0-4991-8e1f-e9b96df16c7e,a733831b-b87a-4023-a299-074b964f8268,66.66666666666666,37.0,6.0,9.0,37.0
a904b0a7-38b0-4991-8e1f-e9b96df16c7e,a733831b-b87a-4023-a299-074b964f8268,66.66666666666666,37.0,6.0,9.0,37.0
a904b0a7-38b0-4991-8e1f-e9b96df16c7e,a733831b-b87a-4023-a299-074b964f8268,66.66666666666666,37.0,6.0,9.0,37.0
a904b0a7-38b0-4991-8e1f-e9b96df16c7e,a733831b-b87a-4023-a299-074b964f8268,66.66666666666666,37.0,6.0,9.0,37.0
a904b0a7-38b0-4991-8e1f-e9b96df16c7e,a733831b-b87a-4023-a299-074b964f8268,66.66666666666666,37.0,6.0,9.0,37.0
a904b0a7-38b0-4991-8e1f-e9b96df16c7e,a733831b-b87a-4023-a299-074b964f8268,66.66666666666666,37.0,6.0,9.0,37.0
a904b0a7-38b0-4991-8e1f-e9b96df16c7e,a733831b-b87a-4023-a299-074b964f8268,66.66666666666666,37.0,6.0,9.0,37.0
b1599479-6b62-4f38-ac0d-fa7514677377,,,,,,0.0
3cdcfba2-4dbd-4553-9cd5-29c8e26b2fb9,,,,,,0.0
f1c692d4-c8d1-492c-ad84-bddf7118e7f2,,,,,,0.0
283bf16a-8751-4486-af60-9582cf7b8152,06d2a954-eaa4-46e8-b258-2e1c6e06430b,57.14285714285714,91.0,4.0,7.0,91.0
283bf16a-8751-4486-af60-9582cf7b8152,06d2a954-eaa4-46e8-b258-2e1c6e06430b,57.14285714285714,91.0,4.0,7.0,91.0
283bf16a-8751-4486-af60-9582cf7b8152,06d2a954-eaa4-46e8-b258-2e1c6e06430b,57.14285714285714,91.0,4.0,7.0,91.0
283bf16a-8751-4486-af60-9582cf7b8152,06d2a954-eaa4-46e8-b258-2e1c6e06430b,57.14285714285714,91.0,4.0,7.0,91.0
283bf16a-8751-4486-af60-9582cf7b8152,06d2a954-eaa4-46e8-b258-2e1c6e06430b,57.14285714285714,91.0,4.0,7.0,91.0
283bf16a-8751-4486-af60-9582cf7b8152,06d2a954-eaa4-46e8-b258-2e1c6e06430b,57.14285714285714,91.0,4.0,7.0,91.0
283bf16a-8751-4486-af60-9582cf7b8152,06d2a954-eaa4-46e8-b258-2e1c6e06430b,57.14285714285714,91.0,4.0,7.0,91.0
c8b2d0d1-45c5-4b1c-b57c-2b00609f312f,,,,,,0.0
76c8dc15-58ac-42cc-9fb4-bdef1c0eb72e,,,,,,0.0
0e480ab4-36e9-4efb-b127-3801f973e357,,,,,,0.0
53f33831-d0b4-4d8c-a931-e79d84ffd29a,,,,,,0.0
830c0176-057b-47f7-9426-b16bc8f83351,,,,,,0.0
b3a28440-12f4-4d6b-80dc-e60f91dca2f4,ed992d96-0b1d-4e23-9cb3-c51add5de066,63.63636363636363,79.0,7.0,11.0,71.0909090909091
b3a28440-12f4-4d6b-80dc-e60f91dca2f4,ed992d96-0b1d-4e23-9cb3-c51add5de066,63.63636363636363,79.0,7.0,11.0,71.0909090909091
b3a28440-12f4-4d6b-80dc-e60f91dca2f4,ed992d96-0b1d-4e23-9cb3-c51add5de066,63.63636363636363,79.0,7.0,11.0,71.0909090909091
b3a28440-12f4-4d6b-80dc-e60f91dca2f4,ed992d96-0b1d-4e23-9cb3-c51add5de066,63.63636363636363,79.0,7.0,11.0,71.0909090909091
b3a28440-12f4-4d6b-80dc-e60f91dca2f4,ed992d96-0b1d-4e23-9cb3-c51add5de066,63.63636363636363,79.0,7.0,11.0,71.0909090909091
b3a28440-12f4-4d6b-80dc-e60f91dca2f4,ed992d96-0b1d-4e23-9cb3-c51add5de066,63.63636363636363,79.0,7.0,11.0,71.0909090909091
b3a28440-12f4-4d6b-80dc-e60f91dca2f4,ed992d96-0b1d-4e23-9cb3-c51add5de066,63.63636363636363,79.0,7.0,11.0,71.0909090909091
b3a28440-12f4-4d6b-80dc-e60f91dca2f4,ed992d96-0b1d-4e23-9cb3-c51add5de066,63.63636363636363,79.0,7.0,11.0,71.0909090909091
b3a28440-12f4-4d6b-80dc-e60f91dca2f4,ed992d96-0b1d-4e23-9cb3-c51add5de066,63.63636363636363,79.0,7.0,11.0,71.0909090909091
b3a28440-12f4-4d6b-80dc-e60f91dca2f4,ed992d96-0b1d-4e23-9cb3-c51add5de066,63.63636363636363,79.0,7.0,11.0,71.0909090909091
b3a28440-12f4-4d6b-80dc-e60f91dca2f4,ed992d96-0b1d-4e23-9cb3-c51add5de066,63.63636363636363,79.0,7.0,11.0,71.0909090909091
b3a28440-12f4-4d6b-80dc-e60f91dca2f4,8c614264-41a5-448f-a207-c2a6bc6ed5df,66.66666666666666,45.0,4.0,6.0,71.0909090909091
b3a28440-12f4-4d6b-80dc-e60f91dca2f4,8c614264-41a5-448f-a207-c2a6bc6ed5df,66.66666666666666,45.0,4.0,6.0,71.0909090909091
b3a28440-12f4-4d6b-80dc-e60f91dca2f4,8c614264-41a5-448f-a207-c2a6bc6ed5df,66.66666666666666,45.0,4.0,6.0,71.0909090909091
b3a28440-12f4-4d6b-80dc-e60f91dca2f4,8c614264-41a5-448f-a207-c2a6bc6ed5df,66.66666666666666,45.0,4.0,6.0,71.0909090909091
b3a28440-12f4-4d6b-80dc-e60f91dca2f4,8c614264-41a5-448f-a207-c2a6bc6ed5df,66.66666666666666,45.0,4.0,6.0,71.0909090909091
b3a28440-12f4-4d6b-80dc-e60f91dca2f4,8c614264-41a5-448f-a207-c2a6bc6ed5df,66.66666666666666,45.0,4.0,6.0,71.0909090909091
b3a28440-12f4-4d6b-80dc-e60f91dca2f4,a7e95994-0a4e-45ca-b383-99d5be874b27,80.0,85.0,4.0,5.0,71.0909090909091
b3a28440-12f4-4d6b-80dc-e60f91dca2f4,a7e95994-0a4e-45ca-b383-99d5be874b27,80.0,85.0,4.0,5.0,71.0909090909091
b3a28440-12f4-4d6b-80dc-e60f91dca2f4,a7e95994-0a4e-45ca-b383-99d5be874b27,80.0,85.0,4.0,5.0,71.0909090909091
b3a28440-12f4-4d6b-80dc-e60f91dca2f4,a7e95994-0a4e-45ca-b383-99d5be874b27,80.0,85.0,4.0,5.0,71.0909090909091
b3a28440-12f4-4d6b-80dc-e60f91dca2f4,a7e95994-0a4e-45ca-b383-99d5be874b27,80.0,85.0,4.0,5.0,71.0909090909091
be8c06da-9c42-424b-8281-6c36d921c10e,,,,,,0.0
644aab86-cfc3-4e76-9024-15c043514d03,06d2a954-eaa4-46e8-b258-2e1c6e06430b,33.33333333333333,75.0,3.0,9.0,75.0
644aab86-cfc3-4e76-9024-15c043514d03,06d2a954-eaa4-46e8-b258-2e1c6e06430b,33.33333333333333,75.0,3.0,9.0,75.0
644aab86-cfc3-4e76-9024-15c043514d03,06d2a954-eaa4-46e8-b258-2e1c6e06430b,33.33333333333333,75.0,3.0,9.0,75.0
644aab86-cfc3-4e76-9024-15c043514d03,06d2a954-eaa4-46e8-b258-2e1c6e06430b,33.33333333333333,75.0,3.0,9.0,75.0
644aab86-cfc3-4e76-9024-15c043514d03,06d2a954-eaa4-46e8-b258-2e1c6e06430b,33.33333333333333,75.0,3.0,9.0,75.0
644aab86-cfc3-4e76-9024-15c043514d03,06d2a954-eaa4-46e8-b258-2e1c6e06430b,33.33333333333333,75.0,3.0,9.0,75.0
644aab86-cfc3-4e76-9024-15c043514d03,06d2a954-eaa4-46e8-b258-2e1c6e06430b,33.33333333333333,75.0,3.0,9.0,75.0
644aab86-cfc3-4e76-9024-15c043514d03,06d2a954-eaa4-46e8-b258-2e1c6e06430b,33.33333333333333,75.0,3.0,9.0,75.0
644aab86-cfc3-4e76-9024-15c043514d03,06d2a954-eaa4-46e8-b258-2e1c6e06430b,33.33333333333333,75.0,3.0,9.0,75.0
16ef6b46-0549-4289-85e9-266db3557fc8,,,,,,0.0
8976ebd0-e0d4-40ad-909d-5e771ed2831e,,,,,,0.0
6a3a5bd2-3d38-427b-bc18-d2a1f40fb273,,,,,,0.0
48247a82-c81c-4e7f-a7ef-00d92a9c6104,418ee30c-866c-40d1-bef2-32565d41a10e,57.14285714285714,51.0,4.0,7.0,51.0
48247a82-c81c-4e7f-a7ef-00d92a9c6104,418ee30c-866c-40d1-bef2-32565d41a10e,57.14285714285714,51.0,4.0,7.0,51.0
48247a82-c81c-4e7f-a7ef-00d92a9c6104,418ee30c-866c-40d1-bef2-32565d41a10e,57.14285714285714,51.0,4.0,7.0,51.0
48247a82-c81c-4e7f-a7ef-00d92a9c6104,418ee30c-866c-40d1-bef2-32565d41a10e,57.14285714285714,51.0,4.0,7.0,51.0
48247a82-c81c-4e7f-a7ef-00d92a9c6104,418ee30c-866c-40d1-bef2-32565d41a10e,57.14285714285714,51.0,4.0,7.0,51.0
48247a82-c81c-4e7f-a7ef-00d92a9c6104,418ee30c-866c-40d1-bef2-32565d41a10e,57.14285714285714,51.0,4.0,7.0,51.0
48247a82-c81c-4e7f-a7ef-00d92a9c6104,418ee30c-866c-40d1-bef2-32565d41a10e,57.14285714285714,51.0,4.0,7.0,51.0
10411182-6a30-41fb-b24c-1242a632057e,a8faead4-39cd-4b23-88e8-26b235b2371b,83.33333333333334,74.0,5.0,6.0,74.0
10411182-6a30-41fb-b24c-1242a632057e,a8faead4-39cd-4b23-88e8-26b235b2371b,83.33333333333334,74.0,5.0,6.0,74.0
10411182-6a30-41fb-b24c-1242a632057e,a8faead4-39cd-4b23-88e8-26b235b2371b,83.33333333333334,74.0,5.0,6.0,74.0
10411182-6a30-41fb-b24c-1242a632057e,a8faead4-39cd-4b23-88e8-26b235b2371b,83.33333333333334,74.0,5.0,6.0,74.0
10411182-6a30-41fb-b24c-1242a632057e,a8faead4-39cd-4b23-88e8-26b235b2371b,83.33333333333334,74.0,5.0,6.0,74.0
10411182-6a30-41fb-b24c-1242a632057e,a8faead4-39cd-4b23-88e8-26b235b2371b,83.33333333333334,74.0,5.0,6.0,74.0
69e35946-d3fa-46d7-aafb-c886472f1c29,a78b1ec0-ce93-4128-868c-66f14f6c2956,66.66666666666666,56.0,4.0,6.0,45.5
69e35946-d3fa-46d7-aafb-c886472f1c29,a78b1ec0-ce93-4128-868c-66f14f6c2956,66.66666666666666,56.0,4.0,6.0,45.5
69e35946-d3fa-46d7-aafb-c886472f1c29,a78b1ec0-ce93-4128-868c-66f14f6c2956,66.66666666666666,56.0,4.0,6.0,45.5
69e35946-d3fa-46d7-aafb-c886472f1c29,a78b1ec0-ce93-4128-868c-66f14f6c2956,66.66666666666666,56.0,4.0,6.0,45.5
69e35946-d3fa-46d7-aafb-c886472f1c29,a78b1ec0-ce93-4128-868c-66f14f6c2956,66.66666666666666,56.0,4.0,6.0,45.5
69e35946-d3fa-46d7-aafb-c886472f1c29,a78b1ec0-ce93-4128-868c-66f14f6c2956,66.66666666666666,56.0,4.0,6.0,45.5
69e35946-d3fa-46d7-aafb-c886472f1c29,caf6a647-1ecb-40f5-bf37-025d5a3dac92,50.0,35.0,3.0,6.0,45.5
69e35946-d3fa-46d7-aafb-c886472f1c29,caf6a647-1ecb-40f5-bf37-025d5a3dac92,50.0,35.0,3.0,6.0,45.5
69e35946-d3fa-46d7-aafb-c886472f1c29,caf6a647-1ecb-40f5-bf37-025d5a3dac92,50.0,35.0,3.0,6.0,45.5
69e35946-d3fa-46d7-aafb-c886472f1c29,caf6a647-1ecb-40f5-bf37-025d5a3dac92,50.0,35.0,3.0,6.0,45.5
69e35946-d3fa-46d7-aafb-c886472f1c29,caf6a647-1ecb-40f5-bf37-025d5a3dac92,50.0,35.0,3.0,6.0,45.5
69e35946-d3fa-46d7-aafb-c886472f1c29,caf6a647-1ecb-40f5-bf37-025d5a3dac92,50.0,35.0,3.0,6.0,45.5
4a08884d-150e-4aab-8660-dd2ea51b0c26,80c2970a-6fad-4013-a5b5-0c9995d5ce5d,75.0,71.0,3.0,4.0,71.0
4a08884d-150e-4aab-8660-dd2ea51b0c26,80c2970a-6fad-4013-a5b5-0c9995d5ce5d,75.0,71.0,3.0,4.0,71.0
4a08884d-150e-4aab-8660-dd2ea51b0c26,80c2970a-6fad-4013-a5b5-0c9995d5ce5d,75.0,71.0,3.0,4.0,71.0
4a08884d-150e-4aab-8660-dd2ea51b0c26,80c2970a-6fad-4013-a5b5-0c9995d5ce5d,75.0,71.0,3.0,4.0,71.0
90cfb0f1-1268-479f-b22e-83adbb23be7c,,,,,,0.0
5ca82005-c71e-4fe2-adcb-b753a44cd564,,,,,,0.0
c76cd9ae-82da-431a-aa70-a0f83e901352,,,,,,0.0
7ddb2d2a-b361-4cd3-a3e7-5983478b5241,,,,,,0.0
3cde1ed1-4e70-4279-9916-a5d00018f068,,,,,,0.0
add7cb57-c224-4221-a141-b1f98c815832,,,,,,0.0
4e5367e6-956c-4b00-ae3a-f81a9ed07302,,,,,,0.0
f4242f53-c016-4138-b52f-78522004ad44,b526b725-9287-4b1d-aa4e-0def70f9dbcd,55.55555555555556,92.0,5.0,9.0,92.0
f4242f53-c016-4138-b52f-78522004ad44,b526b725-9287-4b1d-aa4e-0def70f9dbcd,55.55555555555556,92.0,5.0,9.0,92.0
f4242f53-c016-4138-b52f-78522004ad44,b526b725-9287-4b1d-aa4e-0def70f9dbcd,55.55555555555556,92.0,5.0,9.0,92.0
f4242f53-c016-4138-b52f-78522004ad44,b526b725-9287-4b1d-aa4e-0def70f9dbcd,55.55555555555556,92.0,5.0,9.0,92.0
f4242f53-c016-4138-b52f-78522004ad44,b526b725-9287-4b1d-aa4e-0def70f9dbcd,55.55555555555556,92.0,5.0,9.0,92.0
f4242f53-c016-4138-b52f-78522004ad44,b526b725-9287-4b1d-aa4e-0def70f9dbcd,55.55555555555556,92.0,5.0,9.0,92.0
f4242f53-c016-4138-b52f-78522004ad44,b526b725-9287-4b1d-aa4e-0def70f9dbcd,55.55555555555556,92.0,5.0,9.0,92.0
f4242f53-c016-4138-b52f-78522004ad44,b526b725-9287-4b1d-aa4e-0def70f9dbcd,55.55555555555556,92.0,5.0,9.0,92.0
f4242f53-c016-4138-b52f-78522004ad44,b526b725-9287-4b1d-aa4e-0def70f9dbcd,55.55555555555556,92.0,5.0,9.0,92.0
62c35a01-68ad-496d-b1d9-7eef37da6567,,,,,,0.0
49dba694-25a4-4efb-b58b-8e7c3d933b3d,,,,,,0.0
544ef0d8-ffc1-4022-a99f-0376b8f9f887,,,,,,0.0
19670655-fa48-42bc-aaef-aa67b7b875d1,,,,,,0.0
bb38036c-2d7c-4716-8a6e-ad23282af04e,a7e95994-0a4e-45ca-b383-99d5be874b27,50.0,74.0,4.0,8.0,69.63636363636364
bb38036c-2d7c-4716-8a6e-ad23282af04e,a7e95994-0a4e-45ca-b383-99d5be874b27,50.0,74.0,4.0,8.0,69.63636363636364
bb38036c-2d7c-4716-8a6e-ad23282af04e,a7e95994-0a4e-45ca-b383-99d5be874b27,50.0,74.0,4.0,8.0,69.63636363636364
bb38036c-2d7c-4716-8a6e-ad23282af04e,a7e95994-0a4e-45ca-b383-99d5be874b27,50.0,74.0,4.0,8.0,69.63636363636364
bb38036c-2d7c-4716-8a6e-ad23282af04e,a7e95994-0a4e-45ca-b383-99d5be874b27,50.0,74.0,4.0,8.0,69.63636363636364
bb38036c-2d7c-4716-8a6e-ad23282af04e,a7e95994-0a4e-45ca-b383-99d5be874b27,50.0,74.0,4.0,8.0,69.63636363636364
bb38036c-2d7c-4716-8a6e-ad23282af04e,a7e95994-0a4e-45ca-b383-99d5be874b27,50.0,74.0,4.0,8.0,69.63636363636364
bb38036c-2d7c-4716-8a6e-ad23282af04e,a7e95994-0a4e-45ca-b383-99d5be874b27,50.0,74.0,4.0,8.0,69.63636363636364
bb38036c-2d7c-4716-8a6e-ad23282af04e,a78b1ec0-ce93-4128-868c-66f14f6c2956,66.66666666666666,58.0,2.0,3.0,69.63636363636364
bb38036c-2d7c-4716-8a6e-ad23282af04e,a78b1ec0-ce93-4128-868c-66f14f6c2956,66.66666666666666,58.0,2.0,3.0,69.63636363636364
bb38036c-2d7c-4716-8a6e-ad23282af04e,a78b1ec0-ce93-4128-868c-66f14f6c2956,66.66666666666666,58.0,2.0,3.0,69.63636363636364
bc47e1a9-6e5c-4136-b54a-cf5a49585d27,ed992d96-0b1d-4e23-9cb3-c51add5de066,66.66666666666666,29.0,4.0,6.0,29.0
bc47e1a9-6e5c-4136-b54a-cf5a49585d27,ed992d96-0b1d-4e23-9cb3-c51add5de066,66.66666666666666,29.0,4.0,6.0,29.0
bc47e1a9-6e5c-4136-b54a-cf5a49585d27,ed992d96-0b1d-4e23-9cb3-c51add5de066,66.66666666666666,29.0,4.0,6.0,29.0
bc47e1a9-6e5c-4136-b54a-cf5a49585d27,ed992d96-0b1d-4e23-9cb3-c51add5de066,66.66666666666666,29.0,4.0,6.0,29.0
bc47e1a9-6e5c-4136-b54a-cf5a49585d27,ed992d96-0b1d-4e23-9cb3-c51add5de066,66.66666666666666,29.0,4.0,6.0,29.0
bc47e1a9-6e5c-4136-b54a-cf5a49585d27,ed992d96-0b1d-4e23-9cb3-c51add5de066,66.66666666666666,29.0,4.0,6.0,29.0
4702ca35-3b17-487c-8748-63bc2ba5ab46,,,,,,0.0
63c5889d-dfeb-4a9d-b826-10047154c34f,,,,,,0.0
c7b16894-c671-4ceb-bd1a-ad0170a5e1d8,,,,,,0.0
aa9a89b8-3bc9-4935-8e84-d592c8487ffb,d2787a3d-045e-498a-b193-364413af2581,83.33333333333334,92.0,5.0,6.0,56.27272727272727
aa9a89b8-3bc9-4935-8e84-d592c8487ffb,d2787a3d-045e-498a-b193-364413af2581,83.33333333333334,92.0,5.0,6.0,56.27272727272727
aa9a89b8-3bc9-4935-8e84-d592c8487ffb,d2787a3d-045e-498a-b193-364413af2581,83.33333333333334,92.0,5.0,6.0,56.27272727272727
aa9a89b8-3bc9-4935-8e84-d592c8487ffb,d2787a3d-045e-498a-b193-364413af2581,83.33333333333334,92.0,5.0,6.0,56.27272727272727
aa9a89b8-3bc9-4935-8e84-d592c8487ffb,d2787a3d-045e-498a-b193-364413af2581,83.33333333333334,92.0,5.0,6.0,56.27272727272727
aa9a89b8-3bc9-4935-8e84-d592c8487ffb,d2787a3d-045e-498a-b193-364413af2581,83.33333333333334,92.0,5.0,6.0,56.27272727272727
aa9a89b8-3bc9-4935-8e84-d592c8487ffb,a733831b-b87a-4023-a299-074b964f8268,44.44444444444444,21.0,4.0,9.0,56.27272727272727
aa9a89b8-3bc9-4935-8e84-d592c8487ffb,a733831b-b87a-4023-a299-074b964f8268,44.44444444444444,21.0,4.0,9.0,56.27272727272727
aa9a89b8-3bc9-4935-8e84-d592c8487ffb,a733831b-b87a-4023-a299-074b964f8268,44.44444444444444,21.0,4.0,9.0,56.27272727272727
aa9a89b8-3bc9-4935-8e84-d592c8487ffb,a733831b-b87a-4023-a299-074b964f8268,44.44444444444444,21.0,4.0,9.0,56.27272727272727
aa9a89b8-3bc9-4935-8e84-d592c8487ffb,a733831b-b87a-4023-a299-074b964f8268,44.44444444444444,21.0,4.0,9.0,56.27272727272727
aa9a89b8-3bc9-4935-8e84-d592c8487ffb,a733831b-b87a-4023-a299-074b964f8268,44.44444444444444,21.0,4.0,9.0,56.27272727272727
aa9a89b8-3bc9-4935-8e84-d592c8487ffb,a733831b-b87a-4023-a299-074b964f8268,44.44444444444444,21.0,4.0,9.0,56.27272727272727
aa9a89b8-3bc9-4935-8e84-d592c8487ffb,a733831b-b87a-4023-a299-074b964f8268,44.44444444444444,21.0,4.0,9.0,56.27272727272727
aa9a89b8-3bc9-4935-8e84-d592c8487ffb,a733831b-b87a-4023-a299-074b964f8268,44.44444444444444,21.0,4.0,9.0,56.27272727272727
aa9a89b8-3bc9-4935-8e84-d592c8487ffb,8df30faf-3eef-4751-8ae5-d1983625866a,28.57142857142857,71.0,2.0,7.0,56.27272727272727
aa9a89b8-3bc9-4935-8e84-d592c8487ffb,8df30faf-3eef-4751-8ae5-d1983625866a,28.57142857142857,71.0,2.0,7.0,56.27272727272727
aa9a89b8-3bc9-4935-8e84-d592c8487ffb,8df30faf-3eef-4751-8ae5-d1983625866a,28.57142857142857,71.0,2.0,7.0,56.27272727272727
aa9a89b8-3bc9-4935-8e84-d592c8487ffb,8df30faf-3eef-4751-8ae5-d1983625866a,28.57142857142857,71.0,2.0,7.0,56.27272727272727
aa9a89b8-3bc9-4935-8e84-d592c8487ffb,8df30faf-3eef-4751-8ae5-d1983625866a,28.57142857142857,71.0,2.0,7.0,56.27272727272727
aa9a89b8-3bc9-4935-8e84-d592c8487ffb,8df30faf-3eef-4751-8ae5-d1983625866a,28.57142857142857,71.0,2.0,7.0,56.27272727272727
aa9a89b8-3bc9-4935-8e84-d592c8487ffb,8df30faf-3eef-4751-8ae5-d1983625866a,28.57142857142857,71.0,2.0,7.0,56.27272727272727
6c7d0eb6-cf70-47f0-a231-2ea13472a27d,a7e95994-0a4e-45ca-b383-99d5be874b27,28.57142857142857,88.0,2.0,7.0,88.0
6c7d0eb6-cf70-47f0-a231-2ea13472a27d,a7e95994-0a4e-45ca-b383-99d5be874b27,28.57142857142857,88.0,2.0,7.0,88.0
6c7d0eb6-cf70-47f0-a231-2ea13472a27d,a7e95994-0a4e-45ca-b383-99d5be874b27,28.57142857142857,88.0,2.0,7.0,88.0
6c7d0eb6-cf70-47f0-a231-2ea13472a27d,a7e95994-0a4e-45ca-b383-99d5be874b27,28.57142857142857,88.0,2.0,7.0,88.0
6c7d0eb6-cf70-47f0-a231-2ea13472a27d,a7e95994-0a4e-45ca-b383-99d5be874b27,28.57142857142857,88.0,2.0,7.0,88.0
6c7d0eb6-cf70-47f0-a231-2ea13472a27d,a7e95994-0a4e-45ca-b383-99d5be874b27,28.57142857142857,88.0,2.0,7.0,88.0
6c7d0eb6-cf70-47f0-a231-2ea13472a27d,a7e95994-0a4e-45ca-b383-99d5be874b27,28.57142857142857,88.0,2.0,7.0,88.0
6e311d20-0f9f-4b2b-9d9a-c06937ff6e15,,,,,,0.0
9f5b9d19-356c-4f2f-bf54-c15876df7446,,,,,,0.0
bee78e4b-a9d2-4615-88a8-1e1f96183592,caf6a647-1ecb-40f5-bf37-025d5a3dac92,50.0,33.0,4.0,8.0,33.0
bee78e4b-a9d2-4615-88a8-1e1f96183592,caf6a647-1ecb-40f5-bf37-025d5a3dac92,50.0,33.0,4.0,8.0,33.0
bee78e4b-a9d2-4615-88a8-1e1f96183592,caf6a647-1ecb-40f5-bf37-025d5a3dac92,50.0,33.0,4.0,8.0,33.0
bee78e4b-a9d2-4615-88a8-1e1f96183592,caf6a647-1ecb-40f5-bf37-025d5a3dac92,50.0,33.0,4.0,8.0,33.0
bee78e4b-a9d2-4615-88a8-1e1f96183592,caf6a647-1ecb-40f5-bf37-025d5a3dac92,50.0,33.0,4.0,8.0,33.0
bee78e4b-a9d2-4615-88a8-1e1f96183592,caf6a647-1ecb-40f5-bf37-025d5a3dac92,50.0,33.0,4.0,8.0,33.0
bee78e4b-a9d2-4615-88a8-1e1f96183592,caf6a647-1ecb-40f5-bf37-025d5a3dac92,50.0,33.0,4.0,8.0,33.0
bee78e4b-a9d2-4615-88a8-1e1f96183592,caf6a647-1ecb-40f5-bf37-025d5a3dac92,50.0,33.0,4.0,8.0,33.0
57b6baf6-c428-4ba1-9dcd-867834bf5860,,,,,,0.0
d887ae6f-308e-49c1-b0c4-ae84b1f8b1fe,a8faead4-39cd-4b23-88e8-26b235b2371b,40.0,64.0,2.0,5.0,64.0
d887ae6f-308e-49c1-b0c4-ae84b1f8b1fe,a8faead4-39cd-4b23-88e8-26b235b2371b,40.0,64.0,2.0,5.0,64.0
d887ae6f-308e-49c1-b0c4-ae84b1f8b1fe,a8faead4-39cd-4b23-88e8-26b235b2371b,40.0,64.0,2.0,5.0,64.0
d887ae6f-308e-49c1-b0c4-ae84b1f8b1fe,a8faead4-39cd-4b23-88e8-26b235b2371b,40.0,64.0,2.0,5.0,64.0
d887ae6f-308e-49c1-b0c4-ae84b1f8b1fe,a8faead4-39cd-4b23-88e8-26b235b2371b,40.0,64.0,2.0,5.0,64.0
2849e69f-113a-4c72-82cf-40abf7a62d0b,,,,,,0.0
46f28ff0-7200-4df9-8cc2-c19edbe346c3,,,,,,0.0
200a2dbf-af46-4ab6-ac75-ac40470a3f4d,,,,,,0.0
209d9804-e95e-44c2-bdf1-5ac81c0fc911,ed992d96-0b1d-4e23-9cb3-c51add5de066,50.0,63.0,3.0,6.0,63.0
209d9804-e95e-44c2-bdf1-5ac81c0fc911,ed992d96-0b1d-4e23-9cb3-c51add5de066,50.0,63.0,3.0,6.0,63.0
209d9804-e95e-44c2-bdf1-5ac81c0fc911,ed992d96-0b1d-4e23-9cb3-c51add5de066,50.0,63.0,3.0,6.0,63.0
209d9804-e95e-44c2-bdf1-5ac81c0fc911,ed992d96-0b1d-4e23-9cb3-c51add5de066,50.0,63.0,3.0,6.0,63.0
209d9804-e95e-44c2-bdf1-5ac81c0fc911,ed992d96-0b1d-4e23-9cb3-c51add5de066,50.0,63.0,3.0,6.0,63.0
209d9804-e95e-44c2-bdf1-5ac81c0fc911,ed992d96-0b1d-4e23-9cb3-c51add5de066,50.0,63.0,3.0,6.0,63.0
31d9429a-5936-4ff9-8553-ea9aaacdc1d6,77d80c8e-5e9f-47b4-a5be-ab09906bcc97,33.33333333333333,39.0,2.0,6.0,39.0
31d9429a-5936-4ff9-8553-ea9aaacdc1d6,77d80c8e-5e9f-47b4-a5be-ab09906bcc97,33.33333333333333,39.0,2.0,6.0,39.0
31d9429a-5936-4ff9-8553-ea9aaacdc1d6,77d80c8e-5e9f-47b4-a5be-ab09906bcc97,33.33333333333333,39.0,2.0,6.0,39.0
31d9429a-5936-4ff9-8553-ea9aaacdc1d6,77d80c8e-5e9f-47b4-a5be-ab09906bcc97,33.33333333333333,39.0,2.0,6.0,39.0
31d9429a-5936-4ff9-8553-ea9aaacdc1d6,77d80c8e-5e9f-47b4-a5be-ab09906bcc97,33.33333333333333,39.0,2.0,6.0,39.0
31d9429a-5936-4ff9-8553-ea9aaacdc1d6,77d80c8e-5e9f-47b4-a5be-ab09906bcc97,33.33333333333333,39.0,2.0,6.0,39.0
